,0,1,2,3,4,5,6,7,8,9,10,11,12,13,14,15,16,17,18,19,20,21,22,23,24,25,26,27,28,29,30,31,32,33,34,35,36,37,38,39,40,41
0,R,F,D,F,R,J,G,J,Q,Z,Q,T,V,B,W,B,X,S,L,S,H,M,H,K,P,K,N,C,D,R,F,R,J,G,J,Z,T,Q,T,V,W,T
1,G,Z,P,Z,C,H,C,D,G,F,G,S,J,S,L,B,L,T,X,M,X,W,V,N,Q,N,K,P,R,P,H,Z,H,D,C,D,F,G,J,S,B,K
2,R,J,G,J,H,X,H,L,R,B,M,B,N,T,F,K,F,C,S,C,D,Z,D,P,W,Q,W,G,V,G,X,J,X,H,L,R,M,B,T,N,T,X
3,M,X,R,X,S,Z,B,Z,D,T,D,H,W,K,J,L,J,V,F,G,F,Q,P,Q,C,N,C,R,M,R,X,S,Z,B,Z,T,D,H,K,W,K,H
4,M,S,V,S,N,W,X,L,X,D,F,D,C,B,K,B,T,G,T,R,P,R,J,Q,Z,M,Z,H,V,S,N,L,W,L,X,D,F,D,K,C,K,N
5,X,H,X,Q,C,T,C,W,P,W,L,S,L,V,K,V,M,R,D,R,G,J,G,N,B,Z,B,F,H,X,Q,C,T,C,W,P,W,S,K,L,K,N
6,C,Q,V,Q,H,B,H,P,G,C,G,T,M,T,J,R,D,Z,X,L,X,F,W,K,N,V,S,V,B,Q,B,P,H,P,G,C,G,T,M,T,J,D
7,B,F,X,L,B,L,T,Q,T,G,C,G,H,W,Z,K,Z,M,D,V,J,V,R,N,R,S,P,X,F,X,L,B,L,T,Q,T,G,C,G,H,W,K
8,Q,L,N,B,X,Q,X,K,H,F,G,F,W,T,W,C,R,C,P,M,S,J,S,Z,V,D,V,L,B,N,B,Q,K,X,K,G,H,G,T,F,T,Z
9,C,H,L,Q,L,G,N,P,N,J,W,V,B,R,X,F,X,K,M,K,D,Z,D,C,S,T,S,Q,H,Q,L,G,N,P,N,W,J,W,B,V,B,W
10,W,N,J,N,R,K,S,T,L,T,W,V,W,B,Q,B,D,X,D,M,C,F,H,Z,H,P,G,N,J,N,K,R,K,S,T,L,T,V,Q,W,Q,R
11,T,H,Q,F,D,F,R,N,R,C,V,K,T,B,W,B,L,M,J,P,J,X,G,X,Z,H,S,H,D,Q,D,N,F,N,C,R,C,K,V,K,T,R
12,Q,B,X,V,C,F,C,J,L,Q,L,K,D,K,T,R,T,S,G,N,P,N,Z,W,Z,H,B,M,B,X,V,C,F,C,J,L,Q,L,K,D,K,X
13,M,H,S,H,K,T,L,P,L,M,R,M,F,W,V,G,X,G,Q,Z,Q,N,D,B,D,C,J,C,S,K,H,K,T,L,P,L,R,F,M,F,W,M
14,D,S,Q,T,M,T,J,L,N,L,W,B,H,R,H,C,Z,C,X,K,X,G,P,G,F,D,V,D,S,M,Q,M,J,T,J,N,L,W,R,B,R,P
15,W,L,X,L,S,D,S,B,W,B,P,V,P,Q,J,F,K,F,T,R,N,M,N,C,H,G,Z,G,L,X,L,S,D,S,W,B,P,V,P,Q,J,Q
16,L,W,X,W,L,D,L,Q,M,F,P,C,P,B,K,T,K,Z,J,Z,N,S,H,R,G,V,G,X,D,W,D,Q,L,Q,F,M,F,P,C,P,B,J
17,W,V,T,H,T,M,D,N,P,N,C,W,C,J,Z,F,Z,Q,X,Q,K,L,K,S,G,B,G,R,V,T,H,T,D,M,D,P,N,C,W,C,J,N
18,Z,V,X,V,K,N,K,Q,B,Q,R,S,T,G,T,M,C,L,F,H,D,H,W,J,W,P,Z,P,X,V,K,N,K,Q,B,Q,S,R,S,G,T,G
19,Q,K,H,J,L,J,B,F,Q,M,Q,D,G,D,Z,W,Z,S,T,S,R,X,C,N,V,N,P,H,K,H,J,L,J,B,M,F,M,G,Q,G,D,G
20,C,R,C,L,C,G,N,G,T,J,B,J,D,P,D,K,S,K,Q,V,Q,M,X,Z,H,W,H,R,F,R,L,C,G,N,G,T,B,P,J,P,D,F
21,S,M,N,V,N,L,G,L,D,H,J,H,Q,C,W,C,Z,F,S,F,X,R,T,B,T,P,K,P,M,N,V,N,L,G,L,D,J,Q,H,Q,W,M
22,Z,Q,G,Q,J,V,J,L,S,L,M,W,N,X,D,X,K,Z,K,T,B,P,R,P,F,C,H,Q,G,Q,J,V,J,S,L,W,M,W,D,N,D,S
23,Z,N,Z,N,Q,L,Q,T,J,R,J,X,S,D,M,C,W,V,W,H,G,F,B,F,P,K,P,N,Z,N,Q,L,Q,T,R,X,J,X,D,S,D,H
24,N,H,T,H,S,X,V,R,L,R,J,F,J,Z,W,Z,P,G,N,C,N,Q,M,D,M,K,T,B,T,H,S,V,X,V,R,L,R,J,F,J,W,B
25,P,L,Q,H,Q,F,D,Z,X,B,X,R,M,R,V,T,P,N,P,G,C,J,C,W,S,K,S,L,Q,H,Q,D,F,D,B,Z,B,X,R,M,R,C
26,N,Q,D,Q,R,C,R,P,F,P,V,M,X,M,L,B,L,T,W,G,W,J,H,Z,H,S,N,K,D,C,Q,C,R,P,F,P,X,V,X,M,B,P
27,K,Q,M,P,Z,P,G,N,D,L,D,V,X,T,X,S,W,S,R,J,R,F,C,K,C,B,H,B,Q,Z,M,Z,G,P,G,N,D,L,D,V,T,N
28,H,F,V,F,Q,K,Q,H,G,R,D,B,D,S,X,T,P,W,C,W,J,N,J,L,Z,L,V,M,V,K,F,K,H,Q,H,R,G,R,B,D,S,F
29,J,Z,H,Z,P,N,P,J,L,J,X,W,X,F,B,S,V,S,T,C,R,C,Q,K,G,K,M,H,D,H,N,Z,N,L,P,L,J,W,X,F,B,T
30,J,B,Q,S,L,G,D,R,F,C,X,C,P,N,P,H,Z,H,T,M,V,M,K,W,K,B,J,B,S,Q,S,L,D,G,D,F,R,F,C,X,C,M
31,N,Q,W,S,W,T,N,L,N,G,K,G,X,B,Z,M,J,M,F,V,R,P,R,C,H,D,H,S,Q,S,W,L,T,L,K,N,K,X,G,X,B,G
32,V,K,J,N,T,V,L,V,F,H,F,B,M,C,R,C,P,Q,P,W,D,Z,D,G,X,S,X,J,K,J,T,N,T,V,L,V,H,B,F,B,M,W
33,L,D,X,D,S,R,S,P,Z,P,G,J,G,M,L,M,B,Q,N,Q,W,K,W,C,V,C,F,T,F,H,X,D,R,S,Z,P,G,J,G,L,M,P
34,T,Q,Z,M,W,M,N,D,X,B,S,R,F,L,F,G,V,G,T,K,T,P,H,P,J,C,J,Z,Q,Z,M,W,M,D,N,D,X,B,R,S,R,P
35,C,Q,N,Q,B,L,B,W,F,W,Z,S,D,S,M,X,R,G,K,P,C,P,J,H,J,V,N,T,N,L,Q,L,F,B,F,W,Z,S,D,S,M,S
36,L,P,L,X,T,X,W,R,N,H,C,M,C,D,B,D,G,J,G,Q,V,Q,F,K,F,Z,S,Z,P,L,X,T,X,W,N,R,N,H,C,M,C,L
37,P,V,P,V,N,F,N,W,Z,L,Z,J,H,J,X,Q,G,T,K,T,R,C,R,B,D,M,S,V,P,V,N,F,N,W,Z,L,Z,H,X,J,X,K
38,H,N,T,N,Q,Z,F,M,B,W,J,H,J,P,X,P,K,S,C,S,D,G,D,V,L,R,L,N,T,N,Q,F,Z,F,B,M,B,H,W,H,J,N
39,X,T,K,M,J,M,D,N,Q,W,Q,B,F,B,C,V,C,S,Z,H,P,L,P,R,X,R,T,G,T,K,M,J,M,D,N,Q,W,Q,B,F,B,W
40,M,B,S,Z,S,J,R,W,L,F,L,T,V,N,V,X,G,X,D,K,C,Q,M,Q,H,P,H,Z,B,Z,J,S,J,W,R,W,L,F,L,T,N,C
41,P,D,B,D,C,J,C,M,K,M,T,H,G,Z,V,R,Q,R,F,X,L,N,W,S,W,P,D,B,D,C,J,C,M,K,M,H,T,H,Z,G,Z,T
42,L,V,W,V,T,M,R,M,Q,S,Q,J,X,B,X,C,L,G,L,K,Z,F,Z,D,P,N,P,H,V,W,V,T,R,M,Q,S,Q,J,X,B,X,F
43,S,M,S,X,S,G,N,V,N,F,L,F,K,J,K,D,B,C,Z,Q,Z,H,P,W,R,T,R,M,X,G,S,G,N,V,N,F,L,F,K,J,K,B
44,N,D,X,D,F,S,F,R,Q,C,Q,L,T,L,B,M,B,Z,H,K,H,P,N,V,W,G,J,G,X,D,F,S,F,C,R,C,T,Q,T,L,M,H
45,H,C,L,C,S,R,S,H,M,D,M,F,K,B,V,N,V,W,J,W,X,Q,P,Q,Z,T,Z,G,C,L,C,S,R,S,H,D,M,K,F,K,B,X
46,J,M,H,N,H,C,J,C,G,Z,G,L,S,L,W,X,V,D,V,B,K,F,T,P,T,R,M,Q,M,N,J,H,J,C,Z,S,G,S,W,L,W,R
47,T,Z,M,T,X,G,F,G,B,S,B,C,V,C,D,W,D,L,P,L,R,K,Q,K,H,J,H,Z,N,Z,M,T,X,G,F,G,S,B,C,V,C,P
48,L,D,Z,D,N,R,C,Q,F,X,F,K,M,K,L,S,L,B,H,B,J,P,J,T,W,T,V,G,D,Z,D,N,C,R,C,Q,X,M,F,M,K,M
49,C,S,P,B,P,F,K,Z,K,M,C,L,C,G,T,X,D,V,D,H,J,R,Q,N,Q,S,W,S,P,B,P,Z,F,Z,M,K,M,L,G,C,G,J
50,G,F,G,F,C,W,P,R,H,B,M,B,K,N,K,J,Q,J,D,V,D,T,X,L,S,L,Z,G,C,F,C,P,W,P,H,R,H,M,N,B,N,M
51,D,R,Z,T,Z,J,L,J,M,Q,M,K,W,K,G,D,C,D,V,F,B,F,X,N,X,P,S,H,T,R,T,Z,J,L,J,Q,M,K,W,K,G,J
52,H,X,P,K,G,K,B,F,M,F,Q,Z,Q,H,W,N,V,T,S,J,S,L,C,L,R,D,R,X,G,P,G,B,K,B,F,M,F,Z,H,Q,H,D
53,X,W,N,W,K,Q,X,M,B,H,B,V,C,V,S,J,L,J,T,G,Z,G,F,P,D,P,R,N,K,W,K,X,Q,X,H,M,H,C,B,C,V,X
54,M,F,L,F,Z,G,J,H,J,P,R,P,W,X,W,Q,S,C,S,D,V,D,M,B,M,N,T,K,L,F,G,Z,G,H,R,J,R,P,W,X,W,Q
55,B,Z,C,Z,X,B,X,F,K,F,T,N,T,V,M,V,W,S,P,R,P,D,L,D,H,J,G,Q,G,C,B,Z,B,X,K,F,N,M,T,M,V,R
56,P,H,F,H,V,C,Q,G,Z,G,R,N,R,K,S,K,T,M,T,J,L,J,X,W,P,W,D,B,D,F,H,C,V,C,Q,Z,G,N,S,R,S,Q
57,C,Z,C,W,D,W,Q,J,Q,X,V,M,V,L,N,L,S,K,H,T,H,P,G,P,F,R,B,C,Z,C,D,W,Q,J,Q,M,X,M,N,V,N,W
58,J,R,J,M,K,M,H,F,H,S,C,D,V,D,L,N,Z,N,B,T,B,X,G,Q,P,Q,W,J,R,J,M,K,M,F,H,C,S,C,D,V,D,S
59,S,T,B,T,D,J,D,L,V,G,V,S,N,H,Q,H,F,Z,K,Z,C,P,W,P,M,R,B,X,B,J,T,J,D,L,V,G,V,S,Q,N,Q,H
60,J,Z,G,Z,S,C,S,L,T,L,M,Q,W,R,W,B,J,F,X,D,X,P,K,V,N,V,G,H,G,Z,S,C,S,L,T,L,M,Q,W,R,W,Q
61,X,M,G,M,F,B,X,R,X,J,C,J,K,S,K,W,Q,W,V,T,N,Z,N,P,L,P,H,D,H,M,G,M,F,B,X,R,X,C,J,S,K,R
62,H,W,M,X,M,P,Q,P,T,D,V,D,N,F,K,F,L,H,C,G,C,B,Z,R,Z,J,S,J,X,W,X,Q,M,Q,P,T,V,N,D,N,K,V
63,J,N,M,H,M,F,B,F,X,W,X,R,K,T,K,J,L,D,L,S,V,S,Z,Q,G,Q,C,N,P,N,M,H,M,B,W,F,W,X,R,T,K,T
64,W,L,V,X,V,F,K,F,C,W,C,N,T,Q,D,Q,S,Z,P,R,H,M,H,G,J,G,B,L,X,K,V,K,W,F,W,N,C,N,D,T,D,T
65,Z,B,S,M,J,M,W,X,W,P,K,P,L,R,L,T,H,Q,H,D,N,G,Z,G,C,F,B,V,B,J,S,J,M,X,K,W,K,R,P,R,L,T
66,D,T,Z,R,N,R,S,P,S,M,K,M,B,X,B,D,C,H,G,H,J,V,W,V,F,Q,L,Q,Z,T,Z,N,P,R,P,S,K,X,M,X,B,M
67,R,Q,H,R,F,R,P,Z,K,S,W,S,C,M,T,M,B,G,B,N,L,X,L,J,V,D,V,H,Q,H,R,F,R,P,K,Z,K,S,W,S,C,F
68,Z,F,X,W,H,S,H,N,R,N,G,B,G,D,T,K,T,P,L,V,L,Q,J,Q,C,Z,M,Z,F,W,X,W,S,R,H,R,N,G,B,G,D,W
69,Z,X,G,R,H,R,S,T,K,Q,V,Q,C,D,Z,M,Z,B,N,B,W,J,F,J,L,P,L,X,H,G,H,S,R,S,K,T,K,V,C,Q,C,T
70,C,H,W,V,B,V,R,L,J,L,C,P,C,M,Q,X,Q,D,G,N,K,N,S,F,S,T,H,Z,H,B,W,B,V,R,J,P,L,P,M,C,M,X
71,Q,M,C,L,Q,L,N,H,T,H,B,K,B,F,P,W,Z,V,G,S,G,J,R,J,X,D,X,M,Q,C,Q,N,L,N,H,T,H,K,F,B,F,D
72,K,G,N,K,W,K,C,Z,S,F,S,L,Q,L,D,B,D,T,X,R,X,H,V,H,M,P,J,N,G,N,W,C,K,C,Z,S,F,S,L,Q,L,X
73,C,V,Q,N,R,N,L,P,L,Z,M,Z,G,D,G,W,C,W,T,K,X,B,X,F,H,F,J,S,V,R,Q,R,P,N,P,L,M,D,Z,D,G,X
74,L,D,X,D,Q,Z,Q,P,R,P,L,F,T,C,T,J,N,J,B,V,H,V,S,G,S,K,M,W,X,D,Q,Z,Q,R,L,P,L,F,T,C,T,C
75,C,Z,S,R,S,T,C,B,C,F,H,J,H,P,M,P,L,W,L,K,D,G,X,G,N,Q,V,Q,R,Z,R,S,T,B,F,C,F,H,J,H,M,Z
76,K,R,Q,R,B,M,J,M,D,L,D,T,V,T,N,P,N,W,S,F,H,G,X,Z,K,Z,Q,C,Q,B,R,B,J,L,M,L,V,D,V,T,P,L
77,N,W,Q,W,D,V,Z,V,R,N,X,K,X,S,B,H,F,H,P,L,T,L,M,J,M,C,G,Q,D,W,D,V,Z,V,N,R,N,K,S,X,S,M
78,M,C,D,Z,D,P,G,P,L,R,L,Q,W,Q,B,S,K,S,J,V,N,M,H,M,T,F,X,F,Z,C,Z,G,D,G,P,R,W,L,W,Q,B,M
79,Z,P,N,Q,G,Q,R,X,R,V,F,V,B,Z,B,L,D,L,K,S,W,C,W,J,M,H,M,T,P,N,Q,G,Q,X,F,R,F,Z,V,Z,B,M
80,N,G,T,G,H,L,H,C,N,Z,M,Z,P,R,P,B,S,V,S,J,X,J,W,D,Q,F,K,F,T,L,G,L,C,H,C,N,M,R,Z,R,P,B
81,K,V,H,V,X,N,J,W,F,K,F,M,Z,M,S,T,S,R,L,B,L,P,C,G,C,D,Q,D,H,V,N,X,N,W,J,W,K,Z,F,Z,M,D
82,S,P,K,G,K,C,R,L,R,N,J,B,J,H,S,H,D,F,M,F,Z,X,Z,W,V,T,V,P,Q,P,K,G,K,C,L,R,N,J,B,J,S,V
83,B,L,J,L,B,K,C,V,D,G,P,G,W,X,W,H,F,H,Z,M,Z,R,S,T,Q,N,Q,L,J,L,B,K,V,C,V,P,D,P,X,G,X,S
84,Z,J,B,V,B,D,G,D,Z,H,Z,N,L,P,R,P,X,K,X,F,W,M,S,C,S,T,Q,T,J,B,V,B,D,G,D,H,Z,N,R,L,R,C
85,D,J,M,Z,M,P,B,P,V,C,V,F,T,H,T,S,K,S,W,L,N,L,Q,G,X,G,R,J,D,J,Z,M,P,B,P,C,F,V,F,H,T,N
86,S,G,B,G,L,V,Q,M,Q,R,Z,R,J,K,X,K,N,C,H,C,S,P,F,T,F,W,D,W,B,L,G,L,V,Q,M,Q,R,Z,R,J,X,C
87,S,B,K,B,P,R,N,R,G,F,G,T,W,H,W,J,X,Z,X,V,Q,S,Q,L,D,C,M,K,P,B,P,N,F,R,F,T,G,T,W,H,W,F
88,R,X,Q,X,D,W,D,H,G,Z,G,J,M,J,K,L,K,F,S,B,S,N,V,T,R,P,R,C,X,Q,X,D,W,D,H,G,Z,G,M,J,L,F
89,L,G,Q,N,X,N,M,T,C,Z,C,K,R,K,P,V,J,F,B,H,B,S,W,S,D,G,L,G,X,Q,X,N,T,M,T,C,Z,C,K,R,K,D
90,T,Q,T,Q,R,B,P,B,L,D,S,X,Z,N,Z,J,W,M,F,H,F,K,C,K,G,T,V,T,R,Q,R,P,L,B,L,S,D,S,N,X,N,S
91,J,N,Z,N,J,D,J,M,W,M,S,G,V,G,H,L,H,P,R,F,X,C,X,T,K,T,B,Q,B,N,Z,N,D,W,J,W,M,S,V,G,L,G
92,K,H,N,H,J,K,W,G,R,G,D,P,T,X,T,Q,M,L,M,C,B,C,Z,F,Z,S,V,S,N,H,J,W,K,W,R,D,G,D,X,P,X,S
93,X,C,D,C,R,Q,N,Q,J,G,J,F,S,P,Z,V,Z,M,T,B,X,L,X,W,H,K,H,C,D,C,N,R,N,Q,J,G,J,S,F,S,P,T
94,P,B,D,N,C,N,X,Q,K,R,K,T,S,V,S,P,F,Z,M,H,M,G,J,G,L,W,L,D,B,D,N,C,N,X,R,Q,R,K,V,T,V,L
95,P,D,H,D,X,J,X,L,K,P,K,R,M,F,M,Q,T,C,T,W,N,W,Z,V,B,G,B,H,S,H,J,D,J,X,L,P,K,F,R,F,M,C
96,Q,P,T,P,J,V,B,V,N,Q,N,S,K,S,Z,H,C,M,R,D,L,D,G,F,W,F,T,X,T,J,P,J,B,Q,V,Q,K,N,K,S,Z,F
97,M,S,D,J,D,N,T,P,T,G,R,G,L,Q,L,K,X,K,Z,M,Z,B,C,F,C,W,V,H,V,S,J,N,D,N,T,P,T,R,G,Q,L,S
98,Z,V,S,V,T,N,L,N,M,P,Z,B,K,Q,K,J,W,R,W,H,X,H,C,F,C,G,S,D,S,T,V,T,L,M,N,M,P,Z,Q,B,Q,V
99,B,W,Q,P,K,P,N,V,L,V,B,T,B,X,C,X,Z,F,Z,M,R,M,D,G,D,H,S,H,W,J,W,Q,K,N,P,N,L,V,T,B,C,G
100,K,M,J,D,J,G,R,F,R,Q,H,N,T,L,Z,L,B,P,B,X,S,C,S,W,V,W,M,K,M,J,D,J,F,G,F,R,Q,H,T,N,T,W
101,B,F,S,F,J,G,L,D,W,Z,P,X,P,M,T,M,N,B,N,C,R,C,K,V,H,S,Q,S,J,F,J,L,G,L,W,D,W,Z,P,X,P,V
102,X,D,P,V,M,W,M,S,G,J,K,J,H,N,H,Q,R,Q,B,L,B,T,X,F,X,Z,D,C,D,V,P,V,W,S,M,S,G,K,N,J,N,B
103,H,S,P,J,T,J,M,V,M,L,Z,C,Z,N,B,N,K,W,K,G,X,R,F,Q,F,H,D,H,S,P,T,V,J,V,M,C,L,C,B,Z,B,R
104,C,Q,V,Q,M,H,P,H,R,G,R,K,L,K,J,W,F,W,N,Z,C,D,C,X,S,T,V,B,V,M,Q,M,P,H,R,G,R,K,L,K,J,W
105,M,T,J,T,P,S,P,G,K,G,M,X,R,F,Z,F,W,L,W,B,D,B,H,C,N,V,N,Q,J,S,T,S,P,K,M,G,M,R,X,R,Z,P
106,P,C,F,R,F,V,G,V,Q,N,M,N,H,K,H,X,T,W,L,D,L,S,P,S,J,B,J,C,Z,C,F,R,F,G,V,Q,M,K,N,K,H,W
107,S,F,L,F,N,M,B,M,V,S,Q,S,X,R,G,R,P,K,P,Z,W,Z,D,H,D,C,J,C,T,L,N,F,N,B,M,Q,V,Q,S,X,G,Z
108,C,P,V,P,W,M,W,N,J,H,S,D,S,T,R,F,X,F,B,L,C,Z,C,Q,G,V,K,V,M,P,M,N,W,N,J,D,H,D,T,S,T,G
109,F,G,V,G,T,B,H,B,F,J,F,Z,N,Q,K,R,K,M,P,M,C,L,S,L,D,W,X,W,V,T,G,T,B,H,B,J,F,N,Z,N,Q,K
110,V,P,G,N,X,N,J,F,W,K,H,C,H,B,D,B,L,Z,L,V,S,V,Q,R,Q,T,M,T,P,G,N,X,N,J,W,F,W,C,K,C,H,F
111,T,Z,D,Z,B,N,B,K,F,K,H,R,V,T,M,L,Q,L,J,G,X,G,C,S,C,P,W,D,N,Z,N,F,B,F,K,R,H,R,T,V,T,D
112,T,R,Z,R,H,F,S,F,P,X,P,C,V,C,Q,T,K,G,K,J,L,J,M,N,D,W,B,Z,H,R,H,F,S,F,X,V,P,V,Q,C,Q,Z
113,W,Z,Q,Z,L,V,S,K,R,K,P,T,P,C,W,M,D,M,G,J,B,J,F,N,H,N,Q,X,Q,Z,V,L,V,R,S,R,K,T,C,P,C,V
114,V,H,K,S,L,Q,F,Q,B,T,X,T,G,W,G,C,D,C,J,R,J,P,N,Z,N,V,M,V,H,S,K,S,F,L,F,B,Q,B,X,T,W,M
115,V,L,N,L,K,S,K,V,P,V,H,D,H,B,C,B,J,Z,G,Z,Q,R,F,R,T,M,W,X,W,N,L,S,P,K,P,D,V,D,H,C,B,V
116,T,S,V,F,G,F,P,K,M,L,J,Z,J,D,X,D,W,H,W,R,N,C,N,Q,B,T,V,S,V,F,G,F,K,P,K,L,M,L,J,Z,J,S
117,C,P,K,J,W,J,S,X,S,Z,C,H,C,M,G,Q,F,L,F,B,D,B,N,V,T,R,T,P,W,K,W,X,J,X,Z,S,Z,H,M,C,M,D
118,K,F,P,F,D,K,G,Q,G,T,S,V,S,M,R,L,R,X,C,X,J,W,J,N,Z,N,B,H,P,D,F,D,Q,K,Q,G,V,T,V,S,M,S
119,R,F,V,F,T,X,T,P,H,J,R,L,R,M,K,Z,N,Z,W,D,W,B,G,B,S,C,Q,C,V,X,F,X,T,H,P,H,J,L,M,R,M,P
120,R,H,Q,V,Q,C,G,N,G,M,S,Z,K,Z,R,J,R,X,D,T,L,T,W,B,F,P,F,H,Q,V,Q,N,C,N,G,S,M,S,Z,K,Z,L
121,Q,V,B,T,H,W,H,J,L,C,M,S,Z,S,K,G,P,G,R,D,R,N,X,N,Q,F,Q,B,V,B,T,W,J,H,J,C,L,C,Z,M,Z,G
122,C,H,T,D,T,J,Z,J,L,W,K,X,K,C,P,C,S,Q,S,M,R,G,F,N,V,N,H,B,H,D,T,Z,L,J,L,X,W,X,P,K,P,X
123,P,D,H,C,H,M,Z,L,Z,S,G,S,V,K,T,F,T,N,X,N,J,R,J,P,B,W,Q,C,D,C,M,H,M,L,Z,S,G,S,K,V,K,D
124,D,Q,V,J,W,L,R,M,R,F,P,F,B,T,N,T,D,Z,S,Z,C,H,G,H,K,X,K,V,Q,V,W,J,W,L,R,M,R,P,B,F,B,J
125,S,T,V,T,R,X,R,H,C,J,W,S,W,Q,M,Z,M,F,B,K,P,D,N,D,G,L,G,T,V,T,R,X,R,H,J,C,J,W,S,W,Q,S
126,C,X,T,X,C,R,K,H,Z,H,S,F,S,G,W,G,P,D,P,Q,M,Q,B,J,B,N,V,L,V,X,T,X,C,R,K,Z,F,H,F,S,W,M
127,P,F,T,F,K,X,J,V,B,V,Z,N,R,L,P,W,P,D,G,M,G,H,S,H,C,T,Q,T,K,F,K,X,B,J,B,Z,V,Z,R,N,R,P
128,P,G,N,J,N,T,R,B,P,H,P,F,C,F,L,V,L,Z,K,Z,M,W,M,Q,S,D,X,D,J,G,J,N,T,R,H,B,H,C,P,C,F,S
129,Q,H,X,Z,C,R,Q,R,P,V,P,D,M,G,M,J,K,J,B,F,B,W,S,W,N,T,N,L,H,X,C,Z,C,R,Q,R,V,D,P,D,G,S
130,Z,G,C,G,L,R,V,R,D,M,H,Z,W,Z,F,K,F,S,P,X,Q,T,Q,B,J,B,C,N,C,L,G,L,R,V,R,D,M,W,H,W,Z,X
131,Z,K,L,D,X,D,H,Z,H,F,G,F,P,C,V,R,V,T,J,M,J,B,Q,B,N,S,N,W,K,X,L,X,D,H,Z,H,G,F,C,P,C,K
132,B,Q,L,Q,K,T,K,D,S,P,F,P,Z,R,M,V,M,C,N,J,N,W,G,W,B,H,X,H,Q,L,Q,T,D,K,D,S,F,P,R,Z,R,M
133,D,W,T,S,B,R,L,P,L,H,Z,C,Z,F,V,F,N,Q,D,M,D,X,K,X,G,W,J,W,S,T,S,B,P,R,P,H,L,H,Z,C,Z,K
134,C,Q,K,Q,J,F,P,F,V,S,V,N,R,C,R,B,H,L,T,L,G,X,G,M,Z,D,Z,K,W,K,Q,J,P,S,F,S,V,N,R,C,R,F
135,Q,X,N,J,N,H,C,H,T,L,B,G,V,G,P,R,P,K,D,K,M,W,M,Q,F,S,X,Z,X,J,C,N,C,H,L,T,L,B,G,V,G,W
136,R,Z,W,Z,D,M,J,B,J,V,R,V,L,K,L,T,H,F,H,N,P,N,X,C,Q,C,S,G,W,D,Z,D,B,M,B,J,V,R,V,K,L,M
137,Z,H,N,H,C,D,K,X,K,M,V,M,Z,G,Z,S,R,S,L,Q,L,W,B,P,F,P,J,T,N,C,H,C,D,K,X,K,V,G,M,G,Z,D
138,L,C,J,P,T,P,R,F,N,F,M,G,V,G,S,L,S,X,B,X,Q,H,Q,W,D,Z,D,C,K,C,J,P,T,P,R,F,N,F,M,V,G,Z
139,J,V,F,G,F,Q,K,D,N,M,X,M,W,R,W,P,J,P,T,L,T,B,C,B,H,S,Z,S,V,G,F,K,Q,K,N,D,N,X,R,M,R,X
140,L,S,K,S,T,H,X,H,L,G,L,M,N,C,Z,C,Q,P,Q,J,D,B,D,R,W,R,F,V,K,T,S,T,H,X,H,G,L,M,Z,N,Z,N
141,Q,H,M,H,D,L,Q,L,P,T,P,B,N,K,N,S,G,W,J,V,C,V,Z,R,Z,X,F,M,D,H,D,L,Q,L,P,T,P,B,N,K,N,V
142,H,M,L,Q,L,D,X,D,B,F,R,F,N,H,N,Z,S,Z,G,K,G,W,V,T,C,T,P,J,P,M,L,Q,L,X,D,R,B,R,F,H,N,F
143,J,M,B,C,B,K,R,K,N,Z,V,Z,J,Q,H,Q,D,X,P,X,L,T,L,G,W,F,M,S,M,C,R,B,R,K,V,N,V,J,Z,J,H,M
144,K,J,G,J,F,V,F,R,H,K,S,K,B,M,W,P,W,C,L,C,T,Q,T,X,Z,N,G,D,G,V,J,V,F,H,R,H,K,S,K,B,M,N
145,L,Q,P,G,N,B,N,F,K,F,Z,X,V,L,M,L,R,C,R,W,S,D,S,T,J,T,Q,H,Q,P,G,N,B,N,F,K,F,Z,V,X,V,J
146,S,Q,G,F,M,F,H,D,H,C,L,V,L,X,P,W,P,J,B,Z,R,K,R,S,N,T,N,G,Q,G,F,M,F,D,H,V,C,V,X,L,X,B
147,X,H,N,H,W,M,F,V,F,L,Q,G,Q,D,S,D,R,K,R,Z,P,C,X,B,X,J,T,H,N,H,M,W,M,F,V,F,L,Q,G,Q,S,H
148,Q,L,B,L,S,X,S,V,C,V,P,T,P,K,G,K,H,M,H,R,N,W,J,Q,F,Q,D,Z,L,B,L,X,S,V,C,V,T,P,K,G,K,Z
149,N,L,H,J,H,G,F,G,W,X,K,X,T,Q,M,Q,P,C,P,V,Z,V,D,R,N,B,N,S,J,L,J,F,H,F,W,G,W,K,X,T,M,G
150,W,T,V,T,J,K,J,C,D,H,D,N,B,S,W,X,W,R,P,Z,G,Z,M,F,L,Q,L,T,V,T,K,C,J,C,D,H,D,N,S,B,S,V
151,D,K,L,Z,H,Z,V,J,Q,J,X,B,G,B,P,D,P,F,N,W,C,R,C,M,S,M,K,T,K,H,L,H,Z,V,J,Q,J,X,B,G,B,N
152,M,N,M,P,M,Z,H,W,T,C,X,C,B,K,B,J,L,J,Q,F,Q,G,R,G,S,V,N,D,N,P,M,H,Z,H,T,W,T,X,K,C,K,F
153,V,B,N,B,H,R,H,W,X,W,V,Z,V,M,F,M,Q,T,J,S,J,D,P,D,L,G,K,C,B,N,B,R,H,X,W,V,Z,V,M,F,M,S
154,Q,P,R,P,Q,T,V,T,X,J,G,J,N,H,N,D,W,F,C,S,C,Z,M,L,M,K,R,B,R,Q,P,Q,V,T,X,J,G,J,N,H,N,L
155,T,R,T,P,B,G,B,Z,N,X,N,S,F,K,F,C,V,C,D,M,D,H,W,H,J,Q,L,Q,T,R,T,P,B,G,B,Z,X,N,K,S,K,H
156,D,S,W,G,D,G,R,M,L,M,K,H,K,X,P,N,Q,N,Z,F,V,F,B,T,B,C,J,C,S,D,W,D,G,L,R,L,M,H,X,K,X,G
157,T,V,D,W,C,W,Z,M,T,M,P,L,R,L,H,N,H,S,B,X,B,Q,F,Q,K,G,J,G,D,V,D,C,Z,W,Z,T,M,R,P,R,L,C
158,S,L,D,G,B,G,J,C,J,H,R,H,M,W,Z,K,X,K,Q,F,Q,P,V,P,S,N,S,T,L,D,G,B,G,J,C,J,R,M,H,M,W,S
159,W,T,W,H,J,H,B,N,B,P,V,P,R,G,R,D,S,F,C,F,Z,X,K,X,M,L,Q,T,W,H,J,H,B,N,B,P,V,P,R,G,R,M
160,Q,R,L,R,W,B,W,G,H,M,X,M,F,Q,K,Q,J,S,P,S,C,T,D,T,Z,N,Z,V,L,R,B,G,W,G,X,H,X,M,K,F,K,Q
161,R,N,R,N,G,F,K,X,L,X,P,M,P,W,S,W,B,D,T,D,V,H,C,H,J,Z,Q,N,R,N,F,G,F,L,K,L,X,M,S,P,S,X
162,B,V,B,V,J,H,D,H,F,Z,F,Q,S,R,K,R,T,M,T,L,C,N,C,W,P,G,B,X,B,J,V,J,D,H,F,Z,F,Q,K,S,K,Z
163,K,N,S,D,S,L,B,X,K,J,C,J,T,Q,T,F,P,F,H,V,W,V,M,Z,M,R,G,R,D,N,D,S,L,B,X,C,K,C,Q,J,Q,F
164,K,Z,T,Z,W,K,C,K,H,Q,D,Q,P,M,L,X,N,B,N,G,V,G,F,S,F,J,R,T,W,Z,W,K,C,K,D,H,D,Q,M,P,M,G
165,H,W,B,W,X,R,Q,R,V,D,V,S,G,Z,G,T,M,K,J,P,J,H,L,C,F,N,F,W,B,W,X,R,Q,R,V,D,V,S,G,Z,G,N
166,X,F,D,F,V,H,V,J,N,C,N,Z,P,S,B,M,B,K,T,W,T,L,G,L,R,X,R,Q,D,H,F,H,J,V,J,C,Z,N,Z,P,S,R
167,Q,F,J,F,S,T,Z,T,B,N,C,N,W,D,W,P,H,V,Q,V,R,L,G,L,K,X,J,M,J,S,F,S,T,Z,T,B,N,C,N,D,W,R
168,F,R,P,R,X,D,X,Z,V,N,V,B,S,W,K,W,C,F,C,Q,T,Q,H,M,H,J,G,L,G,P,D,R,D,X,Z,N,V,S,B,S,K,L
169,W,L,X,L,P,M,H,J,H,B,T,K,C,R,C,D,S,D,V,G,V,Z,Q,Z,N,W,X,F,X,P,L,P,M,H,J,H,B,K,T,K,R,J
170,P,X,R,X,P,D,W,C,W,T,H,T,Z,F,V,F,N,G,B,M,K,M,L,J,L,S,Q,X,R,X,D,P,D,W,C,W,H,Z,T,Z,V,W
171,L,F,V,F,J,S,J,B,Z,R,Z,G,H,T,H,P,N,P,X,K,C,K,L,M,W,M,Q,V,D,V,F,S,B,J,B,R,Z,G,H,T,H,T
172,G,V,X,V,W,H,W,L,D,L,K,M,B,M,G,R,C,P,Q,P,S,F,N,J,N,T,Z,T,X,V,W,H,W,D,K,L,K,M,B,M,G,V
173,C,N,D,P,D,S,T,S,C,R,C,H,J,H,X,L,X,Q,V,W,V,Z,F,K,B,M,B,G,N,P,T,D,T,S,C,R,C,H,J,H,L,J
174,G,C,H,C,G,W,S,W,L,J,L,N,X,B,X,R,Z,F,Z,T,V,T,Q,M,P,D,P,H,K,H,C,G,S,J,W,J,L,B,N,B,X,V
175,M,R,V,R,T,H,S,J,G,X,G,C,B,C,D,Q,D,L,M,L,P,Z,N,Z,W,F,W,K,R,V,R,T,S,H,S,J,G,X,G,B,C,L
176,H,F,N,J,V,Q,V,W,P,W,H,R,S,R,C,G,C,D,M,Z,K,Z,B,X,L,X,F,T,F,J,N,J,V,Q,V,P,W,H,R,S,R,T
177,Z,F,Q,F,M,G,M,S,J,L,R,C,T,N,W,N,Z,B,Z,P,D,P,H,V,H,K,X,K,F,Q,F,G,S,M,S,L,J,L,R,C,T,Z
178,N,S,Q,W,M,W,G,C,F,D,F,K,J,H,J,X,V,Z,B,Z,R,P,L,P,T,S,N,S,Q,W,M,W,C,G,C,F,D,F,H,K,H,V
179,Z,B,F,B,G,Z,J,Z,R,M,N,Q,D,Q,W,V,L,H,L,K,P,C,T,S,T,F,X,F,B,J,G,J,R,Z,R,N,M,N,Q,D,Q,J
180,R,F,Q,G,Q,K,P,K,R,H,S,H,W,J,W,Z,C,D,N,T,N,X,L,X,M,B,M,F,V,F,Q,G,Q,P,K,S,R,S,H,J,W,Z
181,P,Z,J,S,M,S,N,K,N,F,V,D,B,L,G,L,R,W,R,P,T,P,C,H,C,X,Z,Q,Z,M,J,M,K,S,K,N,V,F,V,D,B,Q
182,G,M,H,M,W,D,K,D,F,Q,F,R,L,R,J,X,P,V,P,B,N,T,N,Z,S,G,S,H,C,H,W,M,W,K,Q,D,Q,F,L,R,J,Q
183,L,F,W,B,W,D,X,T,X,N,K,N,J,Z,P,Z,H,C,Q,M,Q,G,V,G,L,R,L,F,S,F,W,B,W,D,T,X,K,J,N,J,P,M
184,T,Q,C,P,N,D,F,Z,F,X,V,X,T,S,T,G,L,G,K,H,K,M,B,M,R,W,J,Q,C,N,P,N,Z,D,Z,V,F,V,S,X,S,P
185,G,Z,T,Z,Q,F,Q,R,H,X,K,J,K,G,S,G,C,P,N,P,W,D,W,L,M,B,T,V,T,F,Z,F,R,Q,R,H,J,X,J,K,S,F
186,W,Q,B,Q,R,S,X,D,X,G,W,T,Z,T,L,F,M,F,J,N,H,V,H,P,C,K,C,Q,B,Q,S,R,S,D,G,X,G,W,T,Z,T,V
187,P,H,W,H,V,N,Z,J,Z,D,S,B,L,B,R,C,R,K,G,K,M,P,T,P,Q,X,F,X,W,V,H,V,J,N,J,D,Z,D,S,L,B,R
188,C,W,F,W,H,S,C,R,J,Z,J,X,Q,X,P,D,L,D,G,B,V,B,N,M,N,T,K,T,W,F,W,H,C,S,C,R,Z,J,X,Q,X,W
189,G,P,D,X,K,X,V,C,V,F,N,F,G,J,H,J,T,Q,T,L,S,L,W,Z,R,Z,M,P,B,P,K,D,K,X,C,N,V,N,F,G,H,J
190,G,T,F,Z,F,K,H,K,M,C,M,S,J,W,G,W,P,B,P,N,Q,L,Q,X,V,X,R,D,Z,T,Z,F,H,C,K,C,M,S,G,J,G,B
191,L,V,W,V,H,F,H,B,D,M,S,M,K,P,K,J,Z,J,T,X,N,G,N,Q,C,Q,L,R,W,V,H,F,H,B,D,M,S,M,K,P,K,B
192,J,X,F,B,F,Q,V,Q,Z,D,C,L,C,P,T,S,T,G,K,G,R,J,N,J,W,H,M,H,B,X,B,F,Q,V,Q,Z,D,L,P,C,P,M
193,T,N,G,R,G,Q,D,H,D,T,K,B,P,C,P,V,J,V,F,S,F,Z,X,Z,M,W,L,W,N,R,G,H,Q,H,D,K,T,K,C,B,C,M
194,J,H,X,V,N,V,S,C,B,C,K,P,K,F,L,F,M,R,M,D,Q,J,W,Z,G,H,T,H,N,X,N,S,V,S,B,P,C,P,L,K,L,P
195,W,K,L,X,L,R,D,J,D,P,B,P,N,Q,Z,Q,C,S,C,H,F,M,W,M,G,V,T,V,X,K,X,L,R,D,J,D,P,B,P,N,Z,S
196,T,Z,S,Z,K,V,K,P,J,P,X,F,X,R,Q,C,Q,L,G,M,G,W,B,W,D,T,N,T,S,H,S,Z,V,K,J,P,F,R,X,R,C,N
197,Q,L,B,L,M,S,M,H,N,H,X,G,Z,G,D,T,D,Q,K,Q,P,C,F,W,V,W,R,J,R,B,S,L,S,M,H,N,H,X,Z,G,T,V
198,N,L,Q,H,Q,P,X,P,V,D,K,D,N,B,M,B,R,W,R,Z,C,F,J,T,J,G,S,G,L,H,X,Q,X,V,P,V,K,N,D,N,M,P
199,L,H,J,P,J,Z,L,D,C,D,X,V,M,V,T,K,F,K,B,R,B,Q,N,Q,W,G,H,S,H,P,J,Z,C,L,C,X,D,X,V,M,V,S
200,M,K,G,C,V,C,Z,J,Z,M,X,D,X,Q,W,S,W,P,B,P,T,L,R,L,N,H,F,G,K,G,C,V,C,J,Z,D,M,D,Q,X,Q,V
201,R,X,L,N,C,N,S,P,R,P,F,Z,F,K,V,K,W,J,B,T,B,M,H,M,G,D,Q,D,L,X,L,C,N,R,S,R,Z,P,Z,F,V,S
202,N,S,B,H,R,J,K,V,K,N,C,N,F,M,P,M,Z,L,Z,X,W,X,T,D,T,G,S,Q,S,B,R,H,R,V,J,V,K,N,C,N,F,Z
203,Z,H,B,F,N,F,R,L,M,X,M,V,C,V,T,P,T,Z,K,Z,J,G,J,D,S,Q,W,Q,H,B,F,N,F,R,X,L,X,M,V,C,V,K
204,D,R,M,R,N,Q,W,J,W,H,T,L,B,P,X,F,X,G,D,C,D,Z,K,V,K,M,S,M,N,R,N,Q,W,J,W,T,H,T,B,L,B,T
205,V,D,H,M,Z,G,R,C,J,C,P,T,X,T,F,N,F,B,V,B,L,W,L,K,Q,K,D,S,D,H,M,G,Z,G,J,R,J,C,X,P,X,R
206,T,K,X,K,V,L,R,Q,C,J,C,F,G,H,G,W,M,D,M,B,N,B,P,S,P,Z,X,T,X,V,K,V,L,R,Q,C,J,C,H,F,H,F
207,C,Q,C,F,C,D,N,D,B,M,B,P,L,X,J,G,J,T,W,Z,W,K,S,K,H,R,H,V,Q,F,C,D,N,D,M,P,B,P,X,L,X,V
208,Q,P,V,N,X,N,T,W,T,C,G,Z,G,D,F,D,L,H,B,H,Q,S,Q,M,J,M,K,R,K,P,V,X,W,N,W,T,C,Z,F,G,F,V
209,L,H,L,H,B,D,B,C,T,C,G,P,S,P,J,R,K,X,K,W,M,W,V,Z,Q,N,F,N,L,D,H,D,T,B,T,C,G,S,J,P,J,B
210,W,T,W,P,W,L,N,Z,Q,Z,C,J,C,F,D,F,K,B,V,B,X,R,H,G,H,M,T,S,T,P,L,W,L,N,Z,Q,Z,C,J,C,D,L
211,T,S,K,S,T,C,T,R,D,L,B,Z,B,Q,J,Q,N,P,H,P,X,M,W,M,V,G,F,G,K,C,S,C,R,T,R,D,Z,L,Z,B,J,M
212,D,Q,N,Q,V,X,V,R,J,R,D,Z,G,Z,L,W,L,C,F,H,F,M,T,M,P,K,S,N,B,N,Q,X,J,V,J,R,D,G,W,Z,W,C
213,C,P,C,R,B,R,G,Z,Q,Z,M,L,M,T,K,W,F,N,F,H,S,H,X,J,X,D,V,D,C,P,C,B,G,R,G,Q,Z,M,L,M,T,H
214,G,Z,V,Z,F,G,F,Q,T,M,K,X,D,C,L,C,N,B,N,H,S,J,S,P,W,R,W,Z,V,Z,F,G,F,Q,M,T,M,X,K,X,D,C
215,X,Z,W,L,W,Q,V,Q,H,D,H,N,P,F,P,G,R,S,R,C,X,B,M,B,J,K,T,K,Z,W,L,W,V,D,Q,D,N,H,N,F,P,R
216,J,L,Q,P,Q,S,G,S,W,B,R,B,M,C,D,J,N,J,F,X,V,T,V,K,Z,K,H,P,L,P,G,Q,G,S,W,B,R,B,C,M,C,F
217,F,M,H,C,H,L,T,L,K,V,J,V,F,Q,X,Q,S,B,G,B,P,R,Z,W,D,W,M,N,M,C,T,H,T,L,J,K,J,F,V,F,X,Z
218,V,L,S,L,N,C,N,M,T,G,T,H,K,W,P,V,P,B,X,B,D,Z,D,J,Q,J,F,R,S,C,L,C,M,N,M,G,T,K,H,K,W,T
219,G,K,S,Q,G,P,F,P,L,N,L,C,H,C,V,R,J,M,J,B,D,B,W,X,W,T,Z,T,K,S,G,Q,G,P,F,P,L,N,L,H,C,X
220,R,V,P,R,P,J,K,N,K,Q,F,B,F,Z,L,Z,M,T,W,T,S,G,S,X,D,H,C,H,R,V,R,P,J,K,N,K,Q,F,B,F,L,Z
221,B,M,R,M,B,D,F,G,F,P,V,Q,V,H,Z,C,S,J,S,W,N,W,T,L,T,X,K,X,R,B,M,B,G,D,G,F,P,Q,H,V,H,N
222,H,C,B,C,M,Z,L,Z,H,N,F,G,F,J,R,J,D,Q,W,Q,X,T,K,V,K,S,P,S,B,M,C,M,L,H,Z,H,N,F,G,F,R,B
223,B,V,G,J,X,J,N,B,N,S,K,L,Z,L,D,F,D,C,P,C,Q,R,Q,W,M,T,M,H,V,G,X,J,N,B,N,K,S,K,L,Z,L,H
224,H,Q,B,Q,J,K,J,G,Z,G,M,S,N,S,W,V,C,V,R,H,R,T,D,T,L,X,P,X,F,B,Q,J,K,J,Z,G,M,N,W,S,W,K
225,H,B,P,B,C,X,T,X,Z,N,S,L,S,V,R,V,G,J,G,F,M,F,W,H,W,Q,K,Q,D,P,B,T,C,T,X,N,Z,N,L,S,R,X
226,M,J,V,J,S,G,S,R,W,Z,K,B,K,Q,L,Q,F,D,X,N,X,C,H,P,H,T,V,M,V,G,J,G,R,S,R,Z,W,Z,B,K,L,M
227,G,Q,G,Q,P,K,D,K,T,Z,T,B,J,R,J,F,L,W,X,N,C,N,S,V,H,V,G,M,G,P,Q,P,D,Z,K,Z,T,R,B,R,J,S
228,X,J,H,M,D,M,Z,C,Z,W,V,T,V,Q,G,K,G,L,R,N,R,X,B,X,P,S,F,S,J,D,H,D,M,C,W,Z,W,V,T,V,Q,B
229,R,J,C,H,C,X,V,X,B,S,T,W,T,G,P,F,M,F,Q,R,N,R,Z,D,Z,K,J,L,J,C,H,C,V,X,B,W,S,W,G,T,G,N
230,Q,T,M,B,M,J,G,Z,G,K,R,K,Q,N,Q,F,L,H,L,C,D,P,D,S,W,V,T,X,T,B,M,Z,J,Z,R,G,R,K,Q,N,Q,B
231,B,M,R,B,X,B,F,Z,T,K,T,P,C,Q,C,H,W,D,L,D,S,V,S,G,J,G,M,N,M,R,B,X,B,F,K,Z,K,P,T,P,Q,G
232,L,X,Q,B,S,N,L,N,R,F,R,P,H,P,T,D,G,M,J,M,C,V,C,K,Z,K,X,W,X,B,Q,B,L,S,L,N,F,R,P,H,P,J
233,B,V,T,Z,P,J,P,N,W,Q,W,R,C,H,C,M,K,B,K,D,S,D,G,L,X,L,V,F,V,Z,T,Z,P,J,P,N,Q,R,W,R,H,R
234,K,T,B,T,X,C,F,C,W,R,S,R,V,G,V,J,N,J,P,Z,K,Z,D,L,D,H,M,H,Q,B,X,T,X,F,C,W,S,G,R,G,V,D
235,J,C,W,X,N,X,B,V,B,R,Q,P,H,P,F,G,F,Z,L,Z,D,S,T,S,K,J,K,C,M,C,W,N,X,B,V,B,R,H,Q,H,P,G
236,C,T,M,Z,R,Z,G,S,G,B,N,K,J,F,J,H,V,H,P,W,P,D,L,D,Q,C,Q,X,T,M,Z,R,Z,S,G,N,B,N,F,K,F,V
237,Q,R,W,Z,G,Q,H,Q,X,D,V,D,P,M,P,S,B,S,L,J,L,F,C,F,K,N,K,R,T,R,W,Z,G,H,Q,V,X,V,M,D,M,S
238,T,J,X,H,S,H,D,F,D,C,Q,M,W,M,B,P,V,P,G,R,L,R,Z,N,Z,T,J,K,J,X,S,F,H,F,D,Q,C,Q,M,W,M,S
239,F,L,Z,L,D,Q,H,Q,M,W,S,F,R,F,V,G,V,J,T,J,N,B,K,X,K,C,P,C,L,Z,L,D,Q,H,Q,M,S,W,S,R,F,H
240,H,K,G,K,C,V,F,M,N,X,N,Q,B,Q,L,Z,L,D,H,S,H,W,P,J,P,R,T,R,G,K,C,F,V,F,X,M,X,N,Q,B,Q,X
241,D,T,V,D,L,S,L,R,J,W,N,W,X,F,X,Z,Q,Z,C,G,C,H,P,H,B,K,B,M,V,T,V,D,S,R,L,R,J,N,F,W,F,Z
242,M,T,J,L,J,R,S,G,H,X,H,M,B,P,B,Z,W,N,K,N,F,Q,F,D,V,D,C,L,T,L,R,J,R,S,G,H,X,H,P,M,P,D
243,C,X,H,X,J,K,D,K,N,S,N,V,C,B,C,Z,R,Z,W,T,P,T,G,M,F,Q,H,L,H,J,X,J,D,K,S,V,N,V,C,B,C,T
244,M,F,D,P,D,K,V,K,J,Q,H,Q,W,L,W,M,Z,X,Z,G,N,S,R,S,B,T,B,C,F,P,V,D,V,K,J,Q,H,Q,W,L,W,B
245,Z,D,K,L,Z,J,H,J,R,N,R,W,G,W,C,T,C,P,V,P,M,B,M,S,F,X,F,D,Q,D,L,K,L,Z,H,J,N,R,W,G,W,L
246,P,D,T,D,B,F,B,S,K,C,K,V,Q,V,X,W,L,W,H,M,H,Z,N,Z,G,P,R,J,T,F,D,F,B,C,S,C,K,V,Q,V,X,F
247,W,Z,M,Z,H,X,L,X,T,W,J,W,N,F,N,K,S,D,C,D,B,V,B,G,R,P,Q,Z,M,Z,H,X,L,X,J,T,J,F,W,F,N,T
248,K,P,Z,N,S,T,S,H,C,M,C,Q,F,K,J,K,X,D,X,R,B,W,B,G,L,V,L,Z,P,Z,T,N,T,H,S,H,M,Q,C,Q,F,R
249,P,Z,Q,N,V,M,F,M,D,C,P,X,L,H,L,J,B,J,T,K,T,G,W,S,W,Z,R,Z,N,Q,N,F,V,F,D,M,D,P,C,P,X,Z
250,F,J,K,Q,K,F,T,F,S,N,H,G,H,P,M,W,M,L,Z,R,Z,X,V,B,V,D,C,D,Q,J,Q,T,K,T,F,N,S,N,G,H,P,F
251,R,C,B,Z,P,Z,L,S,T,X,T,G,M,N,W,H,W,D,F,D,J,Q,J,K,R,K,V,B,C,B,Z,P,Z,S,L,S,T,X,T,G,M,G
252,N,C,Z,C,G,F,G,X,R,K,L,K,N,P,N,W,V,Q,V,D,S,H,B,J,B,T,M,T,Z,C,G,F,G,R,X,R,L,K,N,P,N,G
253,T,L,Q,S,Z,D,R,D,B,J,B,N,H,N,C,G,X,G,W,V,P,T,P,M,F,K,F,Q,L,Q,S,R,Z,R,J,D,J,B,N,H,N,J
254,P,K,H,K,V,T,V,B,Z,B,G,P,C,P,Q,W,R,D,R,N,L,F,L,X,M,J,M,S,K,H,K,V,T,V,Z,B,G,C,Q,P,Q,L
255,J,S,P,K,P,N,L,N,G,F,R,F,B,D,B,H,W,X,W,Q,T,Z,T,C,V,J,S,M,S,P,K,P,L,G,N,G,R,F,B,D,B,Q
256,W,B,D,B,C,H,C,P,L,P,K,X,K,J,V,R,G,W,G,S,N,Z,F,Z,T,M,Q,M,D,B,C,H,C,P,L,P,X,K,V,J,V,S
257,Z,T,F,T,C,L,C,Q,H,K,H,G,X,G,R,Z,M,V,M,D,P,D,W,N,S,B,S,F,J,F,T,C,L,C,Q,K,H,X,R,G,R,B
258,S,V,R,V,B,H,J,T,N,M,N,Q,G,Q,W,C,F,C,X,D,Z,S,K,S,P,L,P,V,R,V,H,B,H,T,J,T,M,N,Q,G,Q,N
259,W,R,W,R,S,N,B,M,B,L,D,L,Q,K,H,X,H,J,V,J,T,P,T,G,F,C,Z,C,W,S,R,S,N,B,M,B,L,D,L,Q,K,L
260,Q,C,R,X,R,Q,D,Q,L,M,L,J,H,J,G,V,G,T,N,T,W,K,S,F,B,P,C,Z,C,R,X,R,Q,D,Q,M,L,H,V,J,V,L
261,W,X,L,X,B,P,B,R,J,D,H,D,C,N,M,N,S,Q,V,Q,F,K,G,W,G,Z,L,T,L,P,X,P,B,J,R,J,H,D,M,C,M,R
262,Q,B,S,R,P,L,P,M,X,M,N,W,T,Z,T,K,C,J,C,D,Q,D,F,V,G,V,B,H,B,R,S,R,P,L,P,M,X,M,N,W,Z,X
263,G,K,B,K,J,C,D,C,X,Q,N,T,P,T,G,V,G,R,H,R,L,F,L,M,Z,W,Z,S,B,J,K,J,C,D,C,Q,X,Q,N,P,T,Z
264,Z,R,N,S,W,V,W,Q,G,Q,C,T,Z,F,Z,P,K,P,H,J,H,X,M,X,B,L,B,R,D,R,S,N,S,V,W,G,C,Q,C,T,F,V
265,R,Q,K,L,V,P,V,S,J,S,N,M,N,Z,C,Z,H,X,W,T,B,T,G,F,G,R,Q,D,Q,K,L,V,P,V,J,M,S,M,C,N,C,W
266,K,F,V,F,R,W,C,W,Z,X,D,X,J,G,M,G,K,N,K,Q,S,Q,H,T,P,L,P,V,B,V,F,C,R,C,W,D,Z,D,X,J,M,V
267,V,F,N,H,P,H,L,D,L,V,K,S,K,T,W,Q,W,R,G,X,M,J,C,J,Z,B,Z,N,F,N,H,P,H,D,V,L,V,K,S,K,T,F
268,C,N,M,N,K,J,K,W,Q,W,V,L,V,B,C,G,R,H,T,Z,T,S,D,S,P,X,F,X,M,J,N,J,K,W,Q,W,L,V,C,B,C,F
269,S,F,S,F,R,W,V,W,N,H,P,Q,P,X,K,G,K,Z,M,L,M,B,J,D,T,D,C,F,S,F,R,W,V,W,H,N,H,P,Q,P,X,T
270,S,M,D,M,S,K,P,X,P,J,Q,J,R,V,R,G,B,C,W,F,N,H,N,T,Z,L,Z,D,S,M,S,K,P,X,P,J,Q,J,R,V,R,P
271,N,D,Q,D,W,Z,W,X,S,L,R,L,V,C,N,G,N,P,F,B,F,M,H,J,T,Q,K,Q,D,W,Z,W,S,X,S,L,R,L,C,V,C,J
272,S,R,B,K,Z,K,N,G,X,W,X,F,J,F,T,L,V,L,Q,S,M,C,P,C,D,H,D,B,R,B,K,Z,K,N,W,G,W,J,X,J,F,N
273,C,H,G,K,G,B,D,B,J,R,J,S,V,W,Z,N,F,L,F,M,T,M,P,X,P,C,H,Q,H,K,D,G,D,R,B,R,S,J,S,V,W,F
274,W,J,C,G,N,T,N,W,R,P,R,K,S,K,F,X,D,X,V,H,V,M,L,M,Z,B,Q,B,C,J,C,G,T,W,N,W,R,P,R,S,K,S
275,S,R,H,S,H,D,W,X,Z,X,V,L,V,Q,C,T,F,T,J,P,N,P,G,B,G,K,R,M,R,S,D,H,D,W,X,Z,X,L,Q,V,Q,X
276,Z,Q,D,T,D,F,V,N,G,N,X,H,P,H,C,W,C,K,B,K,R,J,L,Z,M,Z,Q,S,Q,T,F,D,F,G,V,G,N,P,X,P,H,J
277,J,P,B,P,G,T,K,T,V,F,V,D,M,D,L,R,J,Q,C,S,H,S,W,Z,W,N,X,N,B,P,K,G,K,F,T,F,V,D,M,D,L,S
278,K,L,Q,H,C,H,D,T,D,V,X,V,P,F,K,B,N,J,N,R,G,R,W,S,Z,M,Z,Q,L,Q,C,T,H,T,X,D,X,V,F,P,F,H
279,B,G,L,G,P,X,N,X,F,B,T,B,D,V,D,R,Z,Q,W,H,W,J,S,J,K,M,K,L,C,L,P,G,P,X,N,X,F,T,B,V,D,T
280,F,D,T,W,X,G,X,B,J,R,J,K,N,K,P,V,P,Q,H,Q,C,S,C,L,F,L,M,Z,M,D,T,W,X,G,X,B,R,J,K,N,K,J
281,N,P,Q,P,C,F,C,J,Z,J,T,H,T,N,B,N,L,S,L,V,D,V,K,M,X,W,G,R,Q,P,F,Z,C,Z,J,T,H,T,N,B,N,J
282,Q,G,X,T,X,H,Q,H,B,J,B,C,F,N,M,W,M,R,L,R,K,Z,K,V,P,V,S,D,G,T,Q,X,Q,J,H,J,B,C,N,F,N,L
283,L,R,G,R,W,V,W,C,Q,C,X,S,X,N,L,Z,L,D,H,P,H,M,J,F,J,K,T,G,B,G,R,W,V,W,C,Q,C,S,X,N,Z,P
284,Z,K,R,K,B,G,P,G,T,W,C,W,M,Q,V,S,V,N,H,X,H,D,J,D,Z,F,Z,L,R,K,P,B,P,G,C,T,C,M,W,M,Q,L
285,C,W,R,N,R,L,H,L,D,T,D,Z,K,Z,F,S,F,V,J,P,J,G,X,C,X,M,Q,W,B,W,N,R,H,L,D,T,D,K,S,Z,S,Z
286,P,M,Q,L,D,L,H,P,X,V,X,S,K,Z,N,Z,R,J,C,T,F,B,F,W,G,W,Q,M,Q,L,D,L,P,H,P,X,V,X,K,S,K,Q
287,Q,B,G,X,G,R,L,D,Q,F,Q,P,K,V,H,Z,H,W,T,C,M,C,S,N,S,B,J,B,X,R,G,R,D,L,D,Q,F,Q,K,P,K,S
288,P,M,S,M,F,T,F,R,Q,R,X,W,L,W,G,H,N,H,K,J,B,J,C,V,C,Z,D,Z,S,P,S,M,T,Q,F,Q,R,X,L,W,G,T
289,X,R,K,P,K,B,D,F,D,H,N,J,N,Z,C,Z,G,W,S,X,V,X,M,T,Q,L,Q,R,K,P,K,F,B,F,H,D,H,N,J,N,C,G
290,G,Z,L,G,J,S,K,W,K,P,F,P,M,H,B,T,V,T,C,Q,C,X,N,X,R,Z,D,Z,G,L,G,S,J,S,K,W,K,F,M,P,M,Z
291,F,W,R,W,K,C,L,C,M,V,M,Z,T,X,G,F,S,F,N,H,P,J,P,B,Q,B,D,W,R,W,K,C,L,C,M,V,M,T,Z,T,X,H
292,X,C,W,C,M,P,D,H,T,H,V,R,L,S,Z,S,N,X,N,J,K,J,F,Q,G,B,G,C,W,C,P,M,P,D,T,V,H,V,L,R,L,T
293,V,T,J,G,J,Z,V,Z,H,N,H,M,C,L,B,L,R,F,S,F,Q,K,X,W,X,D,T,P,T,J,G,J,V,N,Z,N,H,M,B,C,B,D
294,F,H,Z,D,Z,S,N,T,N,J,C,J,B,G,B,P,R,P,X,W,X,L,K,Q,F,Q,M,V,H,Z,D,Z,S,T,N,J,C,J,B,G,B,L
295,S,F,V,N,V,R,T,J,T,G,P,G,L,W,L,C,S,Q,M,Q,K,X,K,Z,B,Z,D,H,F,V,N,V,J,R,J,T,P,W,G,W,L,P
296,C,D,X,D,W,P,T,P,V,L,V,H,Z,K,Z,F,N,F,C,Q,C,G,S,G,M,J,B,J,R,X,W,D,W,T,P,L,V,K,H,K,Z,H
297,M,T,R,T,Z,N,L,F,M,F,J,P,X,P,G,B,G,S,W,S,K,H,K,C,D,C,V,Q,V,R,Z,T,Z,N,L,M,F,X,J,X,P,F
298,F,S,K,T,L,P,L,H,R,H,F,W,F,N,G,N,Q,D,Q,X,B,X,C,J,Z,V,S,M,S,T,K,T,P,R,L,R,W,H,W,F,G,S
299,F,L,J,C,J,Z,N,Z,R,D,R,W,H,K,Q,T,Q,P,X,B,S,B,M,V,M,F,L,G,L,J,C,J,N,D,Z,D,W,R,W,H,K,F
300,J,M,J,M,R,B,R,X,G,K,G,H,V,H,T,C,T,S,Q,P,D,W,N,W,Z,F,L,M,J,M,R,B,R,K,X,K,G,H,V,H,C,S
301,B,R,C,H,C,F,G,F,W,T,W,Z,K,Z,D,S,D,J,X,B,P,B,N,M,Q,M,L,V,H,R,H,G,C,G,F,W,T,W,K,Z,S,L
302,T,W,K,W,V,C,V,L,H,L,S,N,S,X,G,P,G,F,M,D,M,R,B,T,Q,Z,J,Z,W,K,W,C,V,L,H,L,N,S,P,X,P,F
303,D,T,F,T,S,L,S,X,W,P,J,C,K,C,B,Z,B,Q,N,Q,G,R,V,D,M,D,F,H,F,T,S,L,S,X,W,J,P,J,C,K,C,J
304,G,Z,S,Z,R,V,D,N,C,N,L,X,L,K,M,K,J,T,B,T,P,H,G,Q,G,W,S,F,S,R,Z,R,V,D,C,X,N,X,M,L,M,V
305,V,D,B,D,H,W,V,P,V,J,N,J,C,L,C,Z,F,Z,G,X,G,K,M,K,Q,R,S,T,B,H,D,H,W,P,V,J,N,J,C,L,C,N
306,Q,B,D,B,H,Q,R,L,V,T,N,T,G,K,G,J,X,P,X,M,S,M,Z,W,F,W,D,C,D,B,H,R,Q,R,V,L,V,N,K,T,K,D
307,V,M,K,M,D,X,J,X,F,B,F,Z,S,Z,G,N,G,W,L,R,Q,R,H,C,H,T,V,P,V,K,D,M,D,X,J,X,B,F,S,Z,N,Z
308,P,F,B,F,X,L,W,L,M,K,M,J,T,J,V,R,Z,D,Z,S,G,C,Q,N,Q,H,P,F,B,F,W,X,W,L,M,K,M,J,T,J,V,L
309,M,J,H,W,H,M,Z,K,Z,G,N,G,F,S,F,R,B,P,B,V,D,X,T,X,C,Q,J,L,J,H,W,H,M,Z,K,Z,N,S,G,S,F,K
310,J,V,W,V,K,Q,Z,H,M,H,B,P,B,F,L,R,L,C,N,C,G,T,G,X,J,S,W,D,W,K,V,K,Q,M,Z,M,H,B,P,B,F,K
311,L,K,W,V,M,V,R,T,R,H,D,H,F,N,F,J,L,B,X,Q,X,P,Z,S,Z,C,G,C,W,K,W,V,M,V,T,R,H,D,H,N,F,Z
312,P,J,N,P,L,G,C,H,C,D,F,D,X,V,X,R,M,T,Z,S,Z,B,Q,W,Q,J,K,J,P,N,P,G,L,G,C,H,C,F,V,D,V,D
313,H,G,R,G,F,V,F,T,J,M,H,B,K,B,S,C,S,X,Z,W,D,P,D,N,Q,N,R,L,R,V,G,V,T,F,T,J,H,M,H,K,B,Z
314,B,T,L,T,H,K,G,K,Z,X,Z,D,V,W,V,B,R,Q,F,Q,S,M,S,C,N,P,N,L,J,L,H,T,H,G,K,X,Z,W,D,W,V,C
315,S,F,M,F,X,S,X,D,P,D,C,N,C,Q,V,K,V,H,J,T,G,T,W,R,L,Z,B,Z,M,S,F,S,P,X,P,D,N,C,K,Q,K,X
316,T,L,H,L,F,N,W,N,R,P,R,B,Q,B,S,V,D,V,C,J,C,M,T,G,X,G,Z,K,Z,H,L,W,F,W,N,P,R,B,Q,B,S,T
317,J,P,J,L,T,H,G,K,G,R,B,R,C,V,C,X,W,X,D,Q,N,M,N,F,S,F,P,Z,P,L,J,L,T,K,H,K,B,G,B,R,V,S
318,X,B,D,X,F,P,G,Z,G,T,J,M,J,R,L,R,N,K,W,V,W,S,C,S,Q,H,Q,D,B,D,X,P,F,P,G,Z,G,M,T,M,J,P
319,J,Q,M,J,T,J,H,Z,H,N,F,N,W,G,V,P,V,C,X,R,B,L,K,L,D,Q,S,Q,T,M,T,Z,J,Z,F,H,F,W,N,W,G,W
320,D,C,N,M,N,R,G,L,D,L,Q,J,Q,H,K,H,X,Z,X,F,B,F,V,P,W,T,W,S,C,M,N,G,R,G,D,J,L,J,K,Q,K,V
321,L,F,S,C,S,W,B,W,K,H,K,V,G,V,N,R,P,R,M,J,M,Z,Q,L,T,L,X,F,D,F,C,S,B,W,K,H,K,G,N,V,N,H
322,L,S,G,S,L,M,L,T,H,Z,H,Q,J,Q,P,K,F,V,B,V,X,N,C,R,D,W,D,S,G,S,M,T,L,T,H,Z,H,Q,J,Q,P,Q
323,S,Q,P,R,J,S,J,C,B,G,B,F,D,F,K,X,K,V,M,V,N,T,N,Z,W,H,W,Q,L,Q,P,R,J,S,J,C,G,D,B,D,F,J
324,K,M,H,S,Z,Q,Z,V,P,T,P,J,L,J,K,G,K,X,F,X,R,C,R,D,B,W,N,W,M,H,Q,S,Q,V,Z,V,T,L,P,L,J,R
325,R,V,T,V,C,P,C,M,K,M,W,D,F,Q,X,Q,L,B,L,J,S,J,R,H,N,G,T,Z,T,P,V,P,K,C,K,W,M,W,D,F,X,H
326,L,M,C,R,C,D,T,D,W,F,L,X,L,Q,S,Q,G,H,G,K,N,K,P,B,P,Z,J,Z,V,M,R,C,T,W,D,W,F,L,X,L,S,X
327,R,T,Z,T,Q,G,Q,L,S,L,W,V,W,X,C,X,K,H,K,M,N,J,R,J,B,F,B,D,Z,P,Z,T,G,Q,L,S,L,V,W,C,X,D
328,J,T,B,T,N,V,P,W,M,W,L,H,D,J,S,J,Z,C,K,C,X,R,X,F,Q,G,Q,B,N,T,N,P,V,P,W,M,W,L,D,H,D,L
329,T,W,J,F,N,G,N,H,S,H,R,Z,V,K,V,X,C,X,T,L,T,Q,P,Q,M,B,W,D,W,F,J,F,G,N,S,R,H,R,K,Z,K,R
330,B,J,K,J,F,V,F,S,H,S,Z,G,Q,G,L,D,L,R,X,W,N,W,T,B,T,C,P,K,M,K,J,F,V,F,S,H,S,Z,Q,G,D,X
331,X,Z,R,Z,L,D,F,D,Q,J,C,J,K,G,W,T,W,P,H,S,M,N,M,B,V,X,V,R,L,Z,L,D,F,D,C,Q,C,J,G,K,G,C
332,C,G,Z,S,H,R,H,Q,W,Q,J,N,J,B,V,B,M,K,M,D,X,P,X,L,T,C,F,C,G,Z,R,S,R,W,H,W,Q,N,V,J,V,D
333,J,R,F,R,J,Z,L,N,L,M,G,M,H,W,H,Q,T,B,P,K,P,V,C,S,D,X,D,R,F,R,J,N,Z,N,G,L,G,W,M,W,H,K
334,N,T,X,C,X,D,B,F,J,F,H,M,S,N,S,W,Q,P,Q,R,Z,G,Z,L,V,L,K,C,T,C,X,B,D,B,F,J,F,M,H,M,N,L
335,S,H,X,M,X,R,W,R,Z,B,Z,P,T,P,Q,K,F,N,J,D,S,D,L,V,L,G,C,M,H,M,W,X,W,B,R,B,Z,P,T,P,Q,W
336,R,L,H,R,H,J,D,J,K,P,V,P,C,S,C,W,T,B,F,B,Z,X,Z,M,N,Q,G,Q,R,L,R,H,J,D,J,K,P,V,P,S,C,S
337,Z,M,P,X,P,D,C,F,G,F,J,V,J,L,R,H,Q,H,K,B,K,Z,N,W,N,S,T,S,X,M,X,P,D,G,C,G,F,V,L,J,L,V
338,H,L,X,L,F,G,P,D,R,D,K,V,K,J,Q,C,S,N,Z,N,B,H,M,H,W,X,T,X,F,L,F,P,G,P,D,R,D,V,J,K,J,C
339,V,J,D,J,P,K,G,K,C,B,R,B,Z,L,Z,V,S,H,W,H,F,T,F,X,N,X,Q,M,Q,D,J,P,G,K,R,C,R,B,Z,L,Z,B
340,M,Q,T,J,T,D,F,D,X,W,X,Z,V,Z,K,N,S,L,M,L,G,B,C,H,C,R,P,R,Q,J,F,T,F,W,D,W,X,Z,V,Z,K,G
341,G,R,Z,S,W,J,H,J,D,C,G,C,M,L,M,V,Q,V,T,P,T,B,X,B,F,N,F,R,K,R,Z,S,H,W,H,J,G,D,G,C,L,J
342,X,V,H,F,H,C,N,C,L,M,L,T,G,B,R,B,D,J,X,P,X,Z,K,Z,W,S,Q,F,V,F,N,H,N,C,L,M,L,G,T,G,R,W
343,W,Z,J,K,J,D,X,D,F,R,M,R,N,H,B,T,B,G,Q,G,S,P,L,P,C,V,C,W,Z,J,K,J,D,X,D,M,F,M,R,N,H,T
344,Z,W,F,V,L,B,Z,K,Z,D,C,Q,C,G,H,G,R,T,R,P,X,P,M,J,S,W,N,W,V,F,V,B,L,B,Z,K,Z,D,C,Q,C,L
345,M,B,P,W,P,H,T,H,N,F,N,X,S,X,J,M,L,M,G,V,G,R,C,R,D,Q,D,Z,K,Z,B,W,T,P,T,H,F,N,S,X,J,V
346,V,L,C,L,B,S,B,D,K,F,K,R,M,Z,M,H,P,T,P,W,V,W,N,J,Q,J,G,X,G,C,L,S,B,D,K,F,K,R,M,Z,M,W
347,C,S,B,S,K,W,K,Z,X,H,X,Q,G,Q,D,M,L,P,V,T,V,N,C,R,J,R,F,B,W,S,W,K,H,Z,H,G,X,G,D,Q,D,S
348,M,Q,P,Q,M,D,T,D,H,L,H,X,B,X,F,J,V,W,V,S,N,Z,N,C,R,C,G,K,Q,P,Q,M,T,L,D,L,B,H,B,X,F,N
349,C,S,Q,H,W,H,D,X,M,K,M,N,R,L,R,C,V,C,P,B,P,J,F,Z,G,Z,S,T,S,Q,W,D,H,D,K,X,K,M,L,N,L,F
350,W,B,G,L,V,L,J,S,Z,Q,Z,X,W,D,W,N,M,F,M,K,R,K,T,P,C,H,C,G,B,G,V,J,L,J,Q,S,Q,Z,D,X,D,Z
351,P,S,L,C,B,J,B,G,X,Q,X,W,V,W,H,M,D,F,R,F,N,T,N,P,K,P,Z,L,S,L,C,B,J,B,G,X,Q,X,W,V,W,G
352,Z,B,W,B,R,P,S,P,H,Q,H,J,N,J,M,C,T,C,X,Z,F,Z,K,G,K,V,D,L,W,R,B,R,P,S,P,Q,H,J,N,J,M,C
353,W,B,F,B,Z,H,Z,S,C,S,T,D,M,D,K,V,N,V,G,Q,L,X,L,P,R,J,R,F,W,F,B,Z,H,Z,C,S,M,T,M,D,K,Z
354,X,T,V,T,S,C,R,K,R,B,D,N,D,P,H,W,L,J,L,Z,Q,Z,M,G,M,F,X,F,V,S,T,S,C,R,K,R,B,D,N,D,P,J
355,W,T,N,S,Z,S,H,K,F,D,P,D,X,Q,X,W,R,V,R,J,B,J,G,M,G,L,T,C,T,N,Z,H,S,H,F,K,F,D,P,D,Q,X
356,D,X,Z,W,S,W,Q,L,J,L,N,R,T,R,V,B,V,D,C,D,P,M,P,G,K,H,F,H,Z,X,Z,S,W,J,Q,J,N,L,N,T,R,H
357,R,B,R,B,F,V,F,Q,K,Q,N,Z,L,Z,P,M,J,T,W,X,W,H,G,C,G,D,S,B,R,B,V,K,F,K,N,Q,N,Z,L,Z,P,G
358,L,D,H,D,L,Z,V,B,V,P,G,W,G,S,C,N,M,K,X,K,F,J,F,T,R,T,H,Q,H,D,Z,L,Z,B,P,V,P,G,W,G,S,N
359,J,C,K,C,P,F,L,R,L,Q,Z,Q,W,S,W,X,B,G,B,J,D,J,T,N,H,M,V,M,C,K,C,F,P,F,R,L,Q,Z,Q,S,W,M
360,N,R,Z,R,F,X,T,X,D,Q,D,K,S,M,G,H,G,J,N,L,N,P,W,P,B,C,B,V,R,Z,R,F,T,X,D,Q,D,S,K,S,M,L
361,L,V,S,V,G,N,C,N,L,F,Z,F,W,T,W,J,P,J,R,D,K,B,H,X,H,Q,M,Q,S,G,V,G,N,C,N,L,F,Z,F,T,W,M
362,F,G,Z,G,J,D,K,D,H,S,X,M,X,B,V,P,C,P,R,Q,R,T,L,T,F,W,F,N,G,Z,G,J,K,H,D,H,M,S,M,X,B,C
363,S,Z,P,Z,R,S,F,D,F,C,K,X,T,X,Q,H,Q,J,V,J,B,G,W,G,M,N,M,P,L,P,Z,S,R,S,D,F,C,T,K,T,X,P
364,N,F,L,F,B,K,B,G,D,Z,P,Q,V,W,V,R,C,R,M,H,M,N,J,T,J,X,S,X,F,L,F,K,B,G,Z,D,Z,Q,P,Q,W,K
365,K,D,H,Q,H,V,G,V,C,P,M,P,W,K,F,K,Z,S,T,S,L,B,L,X,R,J,R,N,D,Q,G,H,G,V,C,P,M,P,F,W,F,H
366,V,M,N,M,D,F,W,F,V,H,C,H,P,R,P,J,G,B,S,Z,X,Z,L,K,L,Q,T,M,N,M,W,D,W,V,F,V,C,R,H,R,P,K
367,R,V,G,L,H,L,J,Q,J,Z,K,Z,T,W,R,B,D,B,S,X,F,P,F,N,M,C,M,G,V,G,H,Q,L,Q,J,Z,K,Z,W,T,W,X
368,N,S,C,S,X,R,L,N,L,G,B,V,B,Z,H,Z,T,D,Q,D,M,W,P,K,P,F,J,S,C,S,R,X,R,L,N,L,G,V,H,B,H,B
369,B,X,R,P,J,D,L,V,L,G,M,G,C,H,B,H,K,Q,T,F,T,W,Z,W,N,S,N,R,X,R,P,D,J,D,V,M,L,M,C,G,C,V
370,K,N,M,N,T,W,R,W,Q,D,Q,L,S,L,K,G,F,H,Z,B,Z,V,C,V,X,J,X,M,P,M,N,T,R,D,W,D,S,Q,S,L,K,J
371,G,S,D,S,V,R,M,K,M,W,J,W,Q,H,T,H,F,X,G,N,G,L,P,B,P,Z,C,Z,D,S,V,K,R,K,M,W,J,W,T,Q,T,B
372,P,N,L,Z,L,Q,J,Q,W,R,M,R,T,G,H,G,C,D,P,X,P,F,K,V,K,B,S,B,Z,N,Z,J,L,J,Q,M,W,M,R,T,H,L
373,L,P,C,P,K,X,G,M,G,D,F,D,Q,R,H,R,T,W,B,J,B,S,L,Z,L,V,N,C,P,X,K,X,G,M,G,D,F,D,H,Q,H,X
374,M,V,Z,V,C,H,C,M,W,X,W,B,J,B,T,G,N,K,N,F,S,D,S,P,R,P,L,Q,L,Z,V,H,C,M,X,J,W,J,T,B,T,Q
375,H,F,D,F,Z,N,J,N,T,S,R,S,H,Q,H,M,X,L,P,L,K,W,K,G,C,B,V,B,F,D,F,J,Z,J,N,T,S,R,S,Q,H,J
376,Q,D,M,C,H,C,Q,W,Q,J,T,X,P,X,S,R,Z,R,G,N,B,V,F,V,K,D,L,D,H,M,H,W,C,W,Q,T,J,T,X,P,X,M
377,K,Q,K,Q,P,T,P,H,X,S,X,B,G,B,M,Z,M,W,C,R,D,R,N,L,V,J,F,Q,K,Q,T,H,P,H,S,G,X,G,Z,B,Z,F
378,X,H,V,H,M,P,M,D,N,X,Z,W,Z,Q,T,Q,S,K,J,F,L,G,L,B,C,R,C,H,V,H,M,P,M,D,N,W,X,W,T,Z,T,G
379,D,P,M,V,M,G,R,W,R,J,K,J,F,T,L,T,D,C,D,S,X,S,H,Z,H,Q,N,P,B,P,V,M,G,W,K,R,K,F,J,F,L,T
380,B,Z,S,W,S,M,L,M,P,B,R,N,J,K,V,K,G,X,G,Q,T,Q,F,C,D,H,W,Z,W,L,S,L,P,M,P,R,B,R,J,N,J,S
381,W,C,W,C,N,Z,J,G,J,S,D,S,K,M,P,Q,P,V,F,V,L,H,L,B,X,R,W,T,W,N,C,N,Z,G,D,J,D,S,M,K,M,Z
382,G,L,V,L,D,N,D,J,M,K,M,F,C,F,S,Q,H,G,H,P,Z,B,R,B,X,W,T,W,L,V,L,N,D,K,J,K,C,M,C,F,S,V
383,D,X,T,Z,T,V,Q,W,Q,F,N,F,D,S,D,L,R,J,M,J,K,B,K,G,C,G,H,X,P,X,Z,T,V,Q,W,Q,F,N,F,S,D,J
384,H,D,L,B,T,B,C,P,S,X,R,X,Q,H,N,F,N,K,G,K,W,J,W,V,M,V,Z,L,D,L,T,C,B,C,P,R,S,R,Q,X,Q,P
385,L,K,X,G,X,R,L,R,C,T,H,T,P,Z,J,Z,W,D,N,M,N,Q,F,S,V,S,B,G,K,G,X,R,L,R,H,C,H,T,J,P,J,G
386,D,F,T,D,T,G,X,G,C,Q,C,V,L,S,L,M,Z,R,J,R,K,N,H,N,B,P,F,W,F,T,D,T,G,X,G,Q,C,S,V,S,L,B
387,L,S,Z,S,K,B,K,Q,G,M,G,X,P,C,W,L,N,D,J,D,V,F,V,H,T,H,Z,R,Z,B,S,B,Q,K,Q,M,G,P,X,P,C,J
388,X,T,R,T,Q,D,Q,P,V,S,V,X,Z,W,Z,J,B,C,G,F,G,H,L,N,M,N,R,K,R,T,Q,D,Q,S,P,S,X,V,X,W,Z,G
389,M,D,X,Q,C,Q,G,T,J,T,P,N,B,N,V,F,R,F,M,H,M,Z,L,W,S,W,K,X,D,X,C,G,Q,G,J,P,T,P,N,B,N,C
390,D,R,X,K,G,K,H,J,H,Z,N,Z,P,F,P,Q,M,L,D,L,B,S,W,S,V,T,V,C,R,X,K,G,K,H,J,H,N,F,Z,F,P,C
391,N,S,X,S,K,W,H,W,J,M,F,M,V,P,V,G,N,Q,N,T,R,T,B,D,Z,L,Z,C,S,X,S,K,H,J,W,J,M,F,M,P,V,H
392,P,T,K,H,C,H,B,G,B,Q,W,D,W,V,N,V,S,R,L,R,F,M,F,J,P,X,T,Z,T,K,H,C,H,G,B,D,Q,D,N,W,N,S
393,Q,J,Q,J,D,N,T,N,B,G,X,K,P,K,L,H,R,H,Z,C,Z,W,F,S,M,S,Q,V,Q,J,D,N,T,N,B,X,G,X,K,P,K,Z
394,D,X,M,F,M,S,V,W,C,W,H,N,H,Q,P,Q,D,B,D,L,R,L,T,K,T,G,J,X,Z,X,M,F,M,S,V,C,W,H,N,H,P,N
395,B,S,K,S,Q,V,R,M,R,P,H,P,F,Z,F,X,J,X,T,B,W,D,W,C,N,G,K,L,K,S,Q,V,R,M,R,P,H,P,F,Z,F,C
396,J,F,G,F,C,W,C,K,D,Q,D,B,X,S,P,T,P,L,M,H,M,Z,R,Z,N,J,V,J,F,G,F,W,K,C,K,Q,B,D,B,X,S,P
397,B,Z,G,D,G,F,L,F,P,V,P,S,B,S,C,N,K,W,K,H,Q,H,J,X,M,X,R,T,R,Z,D,G,F,L,F,V,P,B,C,S,C,S
398,N,T,M,V,W,S,B,S,K,X,Q,X,N,H,D,H,R,L,C,L,G,J,F,J,P,T,Z,T,V,M,V,B,W,B,S,Q,K,Q,N,X,N,X
399,N,H,W,P,Q,P,F,V,F,K,J,K,M,C,G,C,T,Z,X,Z,L,S,D,R,N,R,B,H,W,P,Q,P,F,V,F,K,J,K,G,M,G,H
400,P,K,J,K,D,H,Z,H,W,R,C,F,Q,F,N,V,T,G,T,S,X,M,P,M,B,L,K,J,K,Z,D,Z,W,H,W,C,R,C,F,Q,F,S
401,S,J,D,L,D,X,S,C,M,C,W,Q,Z,R,Z,H,K,G,K,T,N,T,F,B,V,B,J,P,J,L,D,S,X,S,M,W,C,W,R,Q,R,K
402,K,J,T,J,S,V,R,B,R,X,Z,X,M,P,L,P,F,Q,C,D,K,W,G,W,N,T,H,T,J,V,S,V,R,B,R,X,Z,X,L,M,L,Z
403,W,L,R,V,F,V,T,K,T,H,P,H,Z,J,W,J,N,G,B,G,S,X,C,X,Q,D,M,D,L,R,F,V,T,K,T,H,P,H,W,Z,W,K
404,X,D,T,D,K,R,W,R,S,H,S,L,C,Z,C,G,V,Q,J,N,J,P,X,P,B,M,B,T,F,T,K,D,K,W,R,S,H,S,L,Z,C,M
405,C,D,H,N,K,N,F,T,S,R,C,X,C,V,M,V,Z,P,Q,P,W,J,W,B,G,B,L,H,D,H,K,F,N,F,S,T,S,R,C,X,C,K
406,B,L,C,Q,D,S,D,M,H,T,H,Z,V,G,W,G,B,N,B,P,F,K,R,K,X,J,X,C,L,C,S,Q,S,D,T,M,T,H,V,Z,V,F
407,L,F,K,J,X,G,X,W,D,W,S,P,S,N,T,H,T,R,V,R,Z,L,Z,M,C,Q,F,B,F,J,K,J,X,G,X,D,W,P,N,S,N,S
408,N,F,L,P,L,J,S,Q,M,Q,Z,N,R,N,T,H,B,G,B,W,C,D,C,K,V,K,X,F,L,P,L,J,M,S,M,Z,Q,Z,N,R,N,B
409,C,Q,C,Q,L,W,G,W,S,K,V,K,F,J,T,D,M,D,P,Z,P,H,B,H,X,R,X,N,C,Q,L,W,G,W,V,S,V,F,K,F,J,G
410,X,C,T,Z,D,Z,S,K,H,J,H,W,N,W,G,V,B,M,B,Q,P,F,X,F,L,R,L,C,D,T,D,Z,K,S,K,H,J,H,W,N,W,X
411,B,K,X,K,D,S,W,S,Q,V,C,V,G,L,G,J,B,P,N,T,N,Z,M,Z,H,F,X,R,X,K,W,D,W,S,Q,V,C,V,G,L,G,T
412,F,Z,N,Z,L,W,D,W,J,P,B,G,B,Q,X,K,V,F,V,M,C,S,H,S,R,T,R,Z,N,Z,L,D,J,W,J,G,P,G,Q,B,Q,B
413,N,S,F,S,R,B,Q,B,L,C,D,K,D,W,M,W,J,P,J,Z,V,Z,X,H,N,G,N,T,F,S,R,B,Q,B,L,K,C,K,M,D,M,Z
414,X,G,C,G,T,X,N,M,K,D,K,W,V,W,B,S,B,L,R,L,J,P,F,H,Z,Q,Z,C,T,G,T,X,M,N,M,K,D,K,W,V,W,P
415,D,P,L,P,J,B,R,W,T,N,G,N,V,D,V,C,K,H,K,Z,X,Z,Q,F,S,F,L,M,L,J,P,J,B,R,W,G,T,G,D,N,D,B
416,H,Z,F,Z,B,S,B,T,H,K,H,N,D,N,M,Q,G,Q,C,J,W,R,W,P,X,L,V,L,F,Z,S,B,K,T,K,D,H,D,M,N,M,B
417,P,J,F,J,H,C,R,Q,R,M,T,M,L,B,V,W,V,G,D,S,D,N,X,N,Z,K,F,P,F,J,C,H,C,R,Q,R,T,M,B,L,B,S
418,N,X,R,X,V,B,M,P,M,W,T,W,S,L,S,D,K,D,N,H,N,J,G,Q,G,Z,F,C,F,R,X,B,V,B,M,P,M,T,W,L,S,N
419,K,Q,X,B,F,G,F,D,M,D,P,N,K,N,S,J,S,T,Z,H,L,H,W,C,W,R,Q,V,Q,X,G,B,G,M,F,M,P,D,P,K,N,R
420,X,H,J,H,D,N,D,S,X,S,B,M,F,P,F,L,Z,K,Q,K,R,C,T,G,T,W,J,V,J,H,D,N,D,X,B,S,B,M,F,P,F,J
421,L,V,R,V,J,Q,G,L,G,X,K,X,C,T,C,N,M,N,H,B,H,S,D,W,Z,P,Z,F,V,R,V,J,Q,L,G,X,K,X,C,T,C,Z
422,X,L,J,Z,D,T,B,T,C,W,C,Q,G,Q,P,K,P,R,H,F,S,M,V,X,V,L,N,L,Z,J,Z,B,D,B,W,T,W,G,C,G,Q,X
423,Q,J,V,J,M,K,D,K,W,X,P,B,Z,B,S,R,S,L,C,L,N,T,H,Q,H,G,F,J,V,J,M,K,D,K,W,P,X,P,B,Z,B,L
424,G,R,F,R,J,T,B,V,L,V,D,G,D,K,S,K,M,Z,H,P,H,N,Q,N,W,C,X,R,F,R,T,J,T,B,V,L,V,D,G,D,S,P
425,X,N,K,Z,T,Z,L,C,L,G,X,G,B,Q,B,F,H,J,H,V,M,V,W,S,R,P,D,P,N,T,K,T,Z,L,C,L,G,X,G,Q,B,K
426,S,C,K,F,K,Q,Z,V,J,V,X,H,R,B,S,B,N,P,D,P,L,M,L,W,T,G,T,F,C,F,Q,K,Q,J,Z,J,V,H,X,H,R,T
427,K,L,X,J,G,J,R,C,T,F,D,F,M,Q,H,Q,Z,N,W,N,P,K,P,B,S,V,S,X,L,X,J,G,J,R,T,C,T,F,D,F,M,R
428,R,Z,D,J,L,J,R,V,R,N,M,B,M,G,K,G,P,Q,W,H,S,H,C,F,T,F,X,Z,L,D,L,J,R,V,R,B,N,B,K,M,K,R
429,S,F,R,F,H,V,Z,V,T,B,T,N,D,W,D,Q,J,Q,L,P,C,P,X,K,X,S,M,G,M,R,F,H,Z,V,B,N,T,N,D,W,D,V
430,H,B,K,D,C,M,H,M,X,G,S,P,J,P,V,R,F,R,T,L,T,N,Q,N,W,B,Z,B,D,K,D,H,C,H,X,M,X,S,G,S,J,H
431,R,K,N,K,W,J,W,P,Q,D,Q,R,Z,H,Z,L,F,C,X,C,S,B,S,T,G,M,N,V,N,J,K,J,P,W,P,D,R,Q,R,H,Z,R
432,P,L,B,L,T,H,T,Z,X,Z,C,Q,C,W,M,W,P,F,P,V,J,R,J,G,N,G,D,K,D,S,B,L,H,T,X,Q,Z,Q,C,M,W,N
433,T,P,S,V,K,J,G,J,T,B,T,M,F,C,Z,C,L,N,R,D,H,D,X,Q,X,P,W,P,V,S,V,G,K,G,B,J,B,M,T,M,F,H
434,G,R,P,R,G,C,G,N,L,T,Z,Q,D,J,H,J,K,B,K,W,M,F,M,X,S,X,P,V,P,R,G,C,G,N,L,Z,T,Z,D,Q,D,W
435,K,H,J,G,T,C,B,L,B,F,Q,F,V,W,V,N,R,N,X,Z,X,S,P,M,D,M,K,J,H,J,T,G,T,L,C,L,B,F,Q,F,W,B
436,L,V,W,V,K,S,R,S,J,F,J,X,N,T,P,T,B,C,Z,M,Q,M,L,D,L,G,H,G,W,V,K,S,R,S,J,F,J,N,X,N,P,N
437,N,S,J,K,J,X,T,X,M,B,M,R,Q,N,Q,C,P,H,L,H,D,F,W,Z,G,Z,S,V,S,K,T,J,T,B,X,B,M,R,Q,N,Q,N
438,D,L,B,D,Q,D,V,M,R,C,R,K,N,K,G,S,G,X,H,W,Z,W,J,P,T,L,F,L,Q,B,Q,V,D,V,M,R,C,R,K,N,K,D
439,D,J,B,J,M,K,L,D,L,H,F,T,F,C,N,X,G,V,G,Z,W,S,Q,P,Q,B,R,B,M,J,M,D,K,D,H,L,H,F,T,F,C,T
440,G,P,Z,T,Z,W,L,W,X,M,X,K,Q,G,Q,J,S,J,F,H,F,C,B,C,D,N,R,N,V,T,P,T,Z,L,W,X,M,X,K,G,Q,F
441,V,W,C,W,Q,G,Q,D,J,D,T,L,V,L,M,P,M,N,R,K,F,S,F,X,B,Z,B,C,H,C,W,G,J,Q,J,D,V,T,V,L,P,N
442,R,Z,H,B,T,B,F,J,S,V,W,V,N,Q,R,Q,X,C,L,K,L,D,M,D,P,G,P,H,Z,H,T,F,B,F,S,J,S,W,N,V,N,C
443,T,Q,B,Q,D,F,G,P,G,C,M,C,W,Z,W,X,R,V,R,K,H,S,H,T,J,T,N,B,L,B,D,Q,D,P,F,P,G,M,C,Z,W,Q
444,Z,Q,X,Q,B,T,B,V,L,R,Z,R,M,F,M,G,S,P,S,C,W,K,H,J,D,J,X,N,X,T,Q,T,B,V,Z,L,Z,F,R,F,M,J
445,V,D,G,X,R,X,Z,P,C,P,V,K,F,M,F,Q,H,N,H,B,S,B,T,J,L,J,D,W,D,R,G,R,X,Z,P,C,P,K,V,K,M,V
446,H,C,H,C,L,N,L,B,F,Q,P,S,P,R,D,R,Z,X,M,W,T,W,K,V,K,G,J,H,N,C,N,B,L,B,F,S,Q,S,D,P,D,V
447,S,J,V,H,V,X,R,N,R,K,P,K,Z,Q,F,Q,T,W,T,M,B,L,D,C,S,C,J,G,J,H,X,V,X,R,N,R,P,K,F,Z,F,C
448,W,M,L,F,L,J,R,J,K,G,K,X,V,X,C,W,C,D,P,T,B,Z,H,N,H,S,Q,S,F,M,F,L,R,G,J,G,K,V,W,X,W,M
449,W,Q,V,B,Z,B,H,C,L,M,N,P,N,D,R,D,F,S,F,G,T,G,K,W,K,X,J,X,V,Q,V,Z,B,H,C,M,L,M,N,P,N,H
450,W,J,X,D,X,F,G,Z,G,V,N,C,N,H,W,L,W,T,B,S,B,Q,R,M,K,M,P,D,J,D,F,X,F,G,Z,G,V,C,H,N,H,D
451,P,J,B,J,F,M,C,R,G,R,K,N,Z,N,T,V,D,S,W,S,P,L,P,X,Q,H,Q,J,B,J,F,M,G,C,G,K,R,K,N,Z,N,Q
452,Z,C,Q,T,Q,L,S,G,S,D,J,N,P,N,X,Z,H,F,H,R,M,R,W,B,W,K,C,V,C,T,Q,G,L,G,D,S,D,P,J,P,N,Z
453,J,Q,D,Q,S,M,S,B,C,J,C,W,T,F,X,V,X,G,N,Z,H,Z,P,R,K,R,L,Q,D,Q,S,M,S,J,B,J,C,W,F,T,F,P
454,S,H,N,H,C,D,C,V,L,F,T,R,M,R,P,Z,P,X,G,X,B,J,S,W,S,K,N,Q,N,H,D,V,C,V,F,L,F,M,T,M,R,Q
455,P,D,B,S,B,F,Q,V,Q,R,J,R,P,X,C,K,C,M,N,M,T,G,T,L,W,Z,W,D,H,D,B,S,B,V,F,V,Q,J,R,P,X,T
456,R,J,G,Z,G,K,P,H,P,S,Q,S,L,B,R,N,C,T,C,W,F,W,D,V,D,M,X,Z,J,Z,K,G,K,P,H,P,Q,L,S,L,B,P
457,M,N,S,N,H,V,H,M,L,D,L,T,P,R,J,R,X,Q,X,C,F,C,Z,W,Z,G,B,K,S,V,N,V,H,M,L,D,L,P,T,P,J,P
458,Q,N,H,B,L,B,D,R,D,C,K,C,X,M,G,J,G,S,W,P,T,P,Q,F,Q,V,N,Z,N,L,H,L,R,B,R,D,C,K,C,X,M,F
459,B,J,G,T,G,K,L,K,X,Q,X,B,R,B,S,F,S,V,N,V,D,Z,M,Z,C,H,P,H,W,T,J,T,L,G,L,K,Q,X,R,B,F,X
460,H,D,V,X,J,N,P,K,Z,K,L,G,B,W,B,C,R,C,F,S,F,Q,T,M,T,D,H,D,X,V,X,J,P,N,P,K,Z,K,G,L,G,Z
461,D,C,F,C,N,G,K,M,K,Q,J,Z,V,Z,D,B,P,R,L,R,H,T,H,W,S,X,S,F,C,G,N,G,K,M,K,J,Q,J,Z,V,Z,J
462,R,V,K,Z,F,Z,B,H,L,H,C,R,C,G,Q,G,T,J,X,J,D,S,M,P,M,N,W,N,K,V,K,F,B,Z,B,L,H,C,R,C,Q,N
463,L,Q,K,Q,Z,B,H,R,G,S,G,N,V,J,X,J,L,W,C,W,M,P,D,P,F,T,F,K,Q,B,Z,B,R,H,R,G,S,G,V,N,V,J
464,J,N,K,S,K,T,X,T,F,Q,F,D,Z,D,L,J,W,J,R,V,C,M,G,H,B,N,P,N,K,S,K,T,X,T,Q,Z,F,Z,L,D,L,H
465,G,T,P,C,P,D,S,Z,S,H,Q,H,M,J,M,V,R,V,W,G,K,G,F,N,F,L,X,B,X,T,P,C,P,D,Z,S,H,Q,H,J,M,H
466,N,H,G,H,L,Q,L,W,T,W,F,M,F,D,R,D,Z,C,Z,V,P,J,N,J,X,S,B,K,B,G,H,Q,T,L,T,W,M,F,D,R,D,G
467,J,Z,R,H,R,K,N,K,P,G,P,X,C,X,B,W,J,T,J,Q,D,V,F,L,F,S,M,S,H,Z,H,R,N,K,P,G,P,C,B,X,B,Q
468,J,X,K,N,K,Z,C,Z,Q,F,Q,T,B,T,D,J,L,S,L,R,H,V,H,W,G,M,P,M,X,N,C,K,C,F,Z,F,Q,B,D,T,D,T
469,C,X,Z,X,N,J,W,J,G,P,D,B,R,V,R,L,Q,L,C,F,C,M,H,S,T,S,Z,K,Z,X,N,J,W,J,G,D,P,D,V,B,V,H
470,P,B,P,B,F,T,N,T,J,H,J,V,Z,V,D,Q,D,K,X,K,L,W,C,R,C,M,S,G,P,B,N,F,N,T,J,H,J,V,Z,V,Q,V
471,P,C,M,C,S,Q,S,P,R,P,H,T,H,F,N,K,N,J,B,J,G,X,G,W,L,Z,L,D,M,V,M,C,Q,S,R,P,T,F,H,F,K,H
472,S,G,S,Q,T,F,T,Z,W,Z,M,J,N,J,K,R,X,R,H,L,P,D,P,B,C,B,V,G,Q,S,Q,T,F,T,Z,W,Z,M,J,N,J,D
473,D,L,H,L,S,Z,D,C,D,K,T,K,Q,M,Q,B,X,W,N,F,N,G,R,G,V,P,H,J,H,S,L,S,C,Z,C,D,K,T,K,M,Q,W
474,F,G,J,M,J,D,W,D,Z,B,P,B,K,X,K,C,Q,V,Q,F,L,R,L,S,N,H,T,H,G,J,M,J,W,Z,D,Z,P,X,B,X,K,Q
475,S,N,K,N,C,P,C,L,Z,W,H,J,S,R,S,X,B,T,G,T,M,F,Q,F,D,V,D,N,K,N,P,L,C,L,Z,H,W,H,R,J,R,W
476,Z,D,L,D,P,N,M,N,H,V,H,G,B,F,B,X,S,X,K,Q,J,W,R,C,R,T,Z,T,L,P,D,P,M,V,N,V,H,F,G,F,B,J
477,B,P,X,P,M,L,S,L,D,V,B,V,G,W,G,F,J,Z,C,K,C,T,Q,T,R,N,R,H,X,M,P,M,S,L,D,V,B,V,G,W,G,Q
478,H,G,M,G,V,P,J,P,Z,C,Z,T,N,Q,F,W,L,W,R,H,D,H,K,B,K,X,S,X,M,V,G,V,J,C,P,C,Z,T,Q,N,Q,G
479,W,F,H,R,P,K,L,K,Q,G,Q,J,B,T,Z,T,M,X,M,D,V,D,N,W,N,C,F,S,F,R,H,R,P,L,G,K,G,Q,B,J,B,J
480,J,B,R,N,K,M,K,W,T,J,T,Z,H,Z,C,F,X,F,Q,D,Q,G,P,G,S,L,B,V,B,N,R,N,M,W,K,W,J,T,Z,H,Z,R
481,G,Z,H,D,J,S,J,R,F,R,L,X,G,X,N,B,N,K,W,M,P,V,P,Q,C,T,C,H,Z,H,D,J,S,J,F,L,R,L,X,G,X,T
482,M,K,H,K,C,P,W,P,N,M,R,D,R,Z,X,F,X,Q,B,Q,S,J,S,L,G,V,G,T,K,H,K,W,C,W,P,N,M,D,Z,R,Z,G
483,H,K,D,K,H,X,R,Z,V,B,G,B,P,W,P,C,N,L,N,T,Q,T,M,F,M,J,D,S,D,K,X,H,X,Z,R,Z,G,V,G,B,W,F
484,T,N,M,N,F,P,V,C,V,Z,L,H,G,D,G,B,J,B,Q,S,Q,R,X,R,W,T,K,T,M,N,P,F,P,C,V,L,Z,L,D,H,D,T
485,M,Q,J,M,T,D,T,W,G,L,N,R,S,R,C,K,F,K,V,H,V,X,P,X,Z,B,Z,Q,M,J,M,T,D,T,G,W,G,N,L,N,S,G
486,F,J,D,J,H,L,H,W,N,G,N,C,R,C,B,F,M,X,M,V,K,V,T,P,Q,Z,D,S,D,L,J,L,W,H,W,G,R,N,R,C,B,S
487,P,N,C,N,J,F,J,T,R,T,K,S,K,W,M,Q,B,V,L,Z,L,P,H,X,H,D,C,G,C,N,J,F,J,R,T,K,S,K,M,W,M,Z
488,C,N,D,M,S,Q,S,T,C,T,R,L,P,B,P,F,K,F,Z,H,G,H,W,J,W,V,N,X,N,D,M,S,Q,S,T,C,T,L,R,L,B,W
489,S,D,N,X,P,G,M,Z,S,Z,J,Q,J,T,W,T,L,H,L,K,B,V,B,C,F,C,R,D,X,N,X,G,P,G,S,M,S,Z,J,Q,J,W
490,K,M,Z,P,Z,B,R,B,C,S,C,T,X,G,Q,G,D,V,D,F,K,F,N,W,J,L,M,H,M,Z,P,Z,R,S,B,S,C,X,T,X,Q,V
491,N,Z,M,Z,R,Q,S,D,S,V,L,P,L,J,K,F,X,N,X,W,G,H,C,B,C,M,T,M,R,Z,R,D,Q,D,S,P,V,P,J,L,J,D
492,K,Q,S,Q,K,T,K,H,Z,C,Z,G,V,X,M,X,P,B,D,B,F,N,F,R,L,J,W,J,S,Q,K,T,K,C,H,C,Z,G,M,V,M,T
493,G,T,K,R,B,R,X,D,X,N,L,N,P,W,H,Z,H,G,S,G,V,J,C,J,Q,F,Q,M,K,T,K,B,R,X,D,X,L,N,W,P,W,B
494,V,K,Q,V,Q,Z,T,Z,L,W,P,B,X,H,X,D,G,F,G,S,M,S,N,J,C,J,R,V,K,V,Q,Z,T,Z,L,P,W,P,H,B,H,N
495,F,H,K,T,V,J,V,Q,W,Q,S,L,D,L,P,Z,P,B,X,B,F,C,M,G,M,R,H,N,H,K,J,T,J,V,Q,W,Q,S,L,D,L,D
496,J,M,G,M,R,B,L,B,N,Z,N,Q,S,X,C,X,K,J,W,F,T,P,T,V,D,V,H,G,R,M,R,B,L,B,Z,Q,N,Q,C,S,C,K
497,D,L,V,L,W,P,W,B,T,B,R,Z,X,Z,Q,G,Q,H,C,H,S,F,K,D,J,N,M,N,V,P,L,P,W,T,R,B,R,Z,X,Z,G,B
498,G,L,B,L,G,N,G,J,X,F,X,Z,K,Z,T,H,V,S,Q,S,M,W,C,W,D,R,D,B,P,B,N,L,N,J,G,J,F,X,K,Z,T,N
499,Q,X,R,Q,R,V,C,P,S,P,K,L,K,N,H,J,H,B,T,G,T,W,M,W,D,F,Z,F,Q,X,Q,R,C,V,C,P,S,P,L,K,N,K
